code,store,product_type,product_unit,name_ar
3010,JOHRH,201,pc,نقاب جوهرة بشعار معدني ذهبي بحبل
3011,JOHRH,201,pc,نقاب جوهرة بشعار معدني فضي بحبل
3012,JOHRH,201,pc,نقاب جوهرة بشعار معدني ذهبي بحبل
3013,JOHRH,201,pc,نقاب جوهرة بشعار معدني فضي بحبل
3014,JOHRH,201,pc,نقاب جوهرة بشعار معدني ذهبي بحبل
3015,JOHRH,201,pc,نقاب جوهرة بشعار معدني ذهبي ولاصق
3016,JOHRH,201,pc,نقاب جوهرة بشعار معدني فضي ولاصق
3017,JOHRH,201,pc,نقاب جوهرة بشعار معدني ذهبي ولاصق
3018,JOHRH,201,pc,نقاب جوهرة بشعار معدني فضي ولاصق
3019,JOHRH,201,pc,نقاب جوهرة بشعار معدني ذهبي ولاصق
3020,JOHRH,201,pc,نقاب جوهرة بشعار معدني فضي ولاصق
3021,JOHRH,201,pc,نقاب جوهرة بشعار معدني فضي بحبل
3026,JOHRH,201,pc,نقاب جوهرة بشعار معدني فضي بحبل
3027,JOHRH,201,pc,نقابات جوهرة بشعار قماشي بحبل
3028,JOHRH,201,pc,نقابات جوهرة بشعار قماشي بحبل
3029,JOHRH,201,pc,نقابات جوهرة بشعار قماشي بلاصق
3030,JOHRH,201,pc,نقابات جوهرة بشعار قماشي بحبل
3031,JOHRH,201,pc,نقابات جوهرة بشعار قماشي بلاصق
3032,JOHRH,201,pc,نقابات جوهرة بشعار قماشي بلاصق
3033,JOHRH,201,pc,نقاب جوهرة بشعار معدني فضي ولاصق
3034,JOHRH,201,pc,نقاب جوهرة بشعار معدني ذهبي بحبل
3035,JOHRH,201,pc,نقاب جوهرة بشعار معدني ذهبي ولاصق
3036,JOHRH,201,pc,نقابات جوهرة بشعار قماشي بحبل
3037,JOHRH,201,pc,نقابات جوهرة بشعار قماشي بلاصق
5000,JOHRH,203,pc,شنطة جوال وبطائق بستراب جلد
5001,JOHRH,203,pc,شنطة جوال وبطائق بستراب جلد
5002,JOHRH,203,pc,شنطة جوال وبطائق بستراب جلد
5003,JOHRH,203,pc,شنطة جوال وبطائق بستراب جلد
5004,JOHRH,203,pc,شنطة جوال وبطائق بستراب جلد
5005,JOHRH,203,pc,شنطة جوال وبطائق بستراب جلد
5006,JOHRH,203,pc,شنطة جوال وبطائق بستراب جلد
5007,JOHRH,203,pc,شنطة جوال وبطائق بستراب جلد
5026,JOHRH,203,pc,شنطة جوال وبطائق بستراب جلد بوتيقا
5027,JOHRH,203,pc,شنطة جوال وبطائق بستراب جلد بوتيقا
5028,JOHRH,203,pc,شنطة جوال وبطائق بستراب جلد بوتيقا
5029,JOHRH,203,pc,شنطة جوال وبطائق بستراب جلد بوتيقا
5030,JOHRH,203,pc,شنطة جوال وبطائق بستراب جلد بوتيقا
5031,JOHRH,203,pc,شنطة جوال وبطائق بستراب جلد بوتيقا
5032,JOHRH,203,pc,شنطة آيباد جلد تمساح بسحاب داخلي ومسكة
5033,JOHRH,203,pc,شنطة آيباد جلد تمساح بسحاب داخلي ومسكة
5034,JOHRH,203,pc,شنطة آيباد جلد تمساح بسحاب داخلي ومسكة
5035,JOHRH,203,pc,شنطة آيباد جلد تمساح بسحاب داخلي ومسكة
5036,JOHRH,203,pc,شنطة آيباد جلد تمساح بسحاب داخلي ومسكة
5037,JOHRH,203,pc,شنطة آيباد جلد تمساح بسحاب داخلي ومسكة
5038,JOHRH,203,pc,شنطة آيباد جلد تمساح بسحاب داخلي ومسكة
5039,JOHRH,203,pc,شنطة آيباد جلد تمساح بسحاب داخلي ومسكة
5040,JOHRH,203,pc,شنطة آيباد جلد ثعبان بسحاب داخلي ومسكة
5041,JOHRH,203,pc,شنطة آيباد جلد ثعبان بسحاب داخلي ومسكة
5042,JOHRH,203,pc,شنطة آيباد جلد ثعبان بسحاب داخلي ومسكة
5043,JOHRH,203,pc,شنطة آيباد جلد ثعبان بسحاب داخلي ومسكة
5044,JOHRH,203,pc,شنطة آيباد جلد ثعبان بسحاب داخلي ومسكة
5045,JOHRH,203,pc,شنطة آيباد جلد ثعبان بسحاب داخلي ومسكة
5046,JOHRH,203,pc,شنطة آيباد جلد ثعبان بسحاب داخلي ومسكة
5047,JOHRH,203,pc,شنطة آيباد جلد ثعبان بسحاب داخلي ومسكة
5048,JOHRH,203,pc,شنطة آيباد جلد تمساح مطفي بسحاب داخلي ومسكة
5049,JOHRH,203,pc,شنطة آيباد جلد تمساح مطفي بسحاب داخلي ومسكة
5050,JOHRH,203,pc,شنطة آيباد جلد تمساح مطفي بسحاب داخلي ومسكة
5051,JOHRH,203,pc,شنطة آيباد جلد تمساح مطفي بسحاب داخلي ومسكة
5052,JOHRH,203,pc,شنطة آيباد جلد تمساح مطفي بسحاب داخلي ومسكة
5053,JOHRH,203,pc,شنطة آيباد جلد تمساح مطفي بسحاب داخلي ومسكة
5054,JOHRH,203,pc,شنطة آيباد جلد تمساح مطفي بسحاب داخلي ومسكة
5055,JOHRH,203,pc,شنطة آيباد بسحاب داخلي وجيوب ومسكة
5056,JOHRH,203,pc,شنطة آيباد بسحاب داخلي وجيوب ومسكة
5057,JOHRH,203,pc,شنطة آيباد بسحاب داخلي وجيوب ومسكة
5058,JOHRH,203,pc,شنطة آيباد بسحاب داخلي وجيوب ومسكة
5059,JOHRH,203,pc,شنطة آيباد بسحاب داخلي وجيوب ومسكة
5060,JOHRH,203,pc,شنطة آيباد بسحاب داخلي وجيوب ومسكة
5061,JOHRH,203,pc,شنطة آيباد بسحاب داخلي وجيوب ومسكة
5062,JOHRH,203,pc,شنطة آيباد بسحاب داخلي وجيوب ومسكة
5063,JOHRH,203,pc,شنطة آيباد بسحاب داخلي وجيوب ومسكة
5064,JOHRH,203,pc,شنطة آيباد بسحاب داخلي وجيوب ومسكة
5065,JOHRH,203,pc,شنطة آيباد بسحاب داخلي وجيوب ومسكة
5066,JOHRH,203,pc,شنطة آيباد بسحاب داخلي وجيوب ومسكة
5067,JOHRH,203,pc,شنطة آيباد بسحاب داخلي وجيوب ومسكة
5068,JOHRH,203,pc,شنطة آيباد بسحاب داخلي وجيوب ومسكة
5069,JOHRH,203,pc,شنطة آيباد بسحاب داخلي وجيوب ومسكة
1770,JOHRH,100,pc,#1770عباية بلاك بيري على الراس بكسرات شيفون
1441,JOHRH,100,pc,#1441 عباية على الراس بلاكبيري
1771,JOHRH,100,pc,#1771عباية بلاك بيري على الراس بكم مطاط
1055,JOHRH,101,pc,عباية سوداء كلاسيكية بجيوب عملية #1055
1064,JOHRH,101,pc,كسرات بليسيه اسود #1064
1066,JOHRH,101,pc,كم مربع قيطان عريض #1066
1074,JOHRH,101,pc,عباية شموخ بجيوب #1074
1076,JOHRH,101,pc,عباية شاكيرا منتهية بكسرات #1076
1077,JOHRH,101,pc,عباية امارتية مقلمة #1077
1078,JOHRH,101,pc,عباية شاكيرا مزخرفة #1078
1090,JOHRH,101,pc,إماراتية قيطان عريض#1090
1195,JOHRH,101,pc,#1195 عباية بلاك بيري بكلوش
1197,JOHRH,101,pc,#1197 عباية بقماش رقيق ومقلم
1207,JOHRH,101,pc,#1207 كريب ملكي بقيطان
1291,JOHRH,101,pc,#1291 عباية كريب ملكي بخطوط قيطان
1317,JOHRH,101,pc,#1317 عباية بطبقة على الكم
1323,JOHRH,101,pc,#1323 عباية كريب ملكي بقيطان وسحاب
1329,JOHRH,101,pc,#1329 عباية سادة بخيط طولي
1363,JOHRH,101,pc,#1363 عباية بطبقتين بلاك بيري وشيفون
1366,JOHRH,101,pc,#1366 عباية بقماش استرتيش وسحاب
1371,JOHRH,101,pc,#1371 عباية كريب ملكي بسحاب وشرائط سوداء
1375,JOHRH,101,pc,#1375 حرير اسود كم مقلوب
1392,JOHRH,101,pc,#1392 عباية كريب ملكي بسحاب وشرائط خضراء
1393,JOHRH,101,pc,#1393 عباية بلاك بيري بطبقتين
1405,JOHRH,101,pc,#1405 عباية بكم ضيق وسحاب
1406,JOHRH,101,pc,#1406 عباية بكم واسع وجيوب أمامية
1409,JOHRH,101,pc,#1409 عباية سادة بكم منتش
1411,JOHRH,101,pc,#1411 عباية واسعة بقصة أكمام ضيقة
1412,JOHRH,101,pc,#1412 عباية بشت كريب صالونة لف بكم ضيق
1420,JOHRH,101,pc,#1420 عباية سادة بلاك بيري بكم اماراتي
1424,JOHRH,101,pc,#1424 عباية بلاك بيري كلوش
1443,JOHRH,101,pc,#1443 عباية كريب ملكي مطعم بشانتون اسود
1448,JOHRH,101,pc,#1448 عباية بشت كريب صالونة بطقطق
1449,JOHRH,101,pc,#1449 عباية فراشة بقماش بلاك بيري
1473,JOHRH,101,pc,#1473 عباية بتطريز على الأكتاف
1484,JOHRH,101,pc,#1484 حرير مغسول اسود بشت
1491,JOHRH,101,pc,#1491 عباية بكم منفوش ومطاط
1514,JOHRH,101,pc,#1514 عباية لينين أسود و بكم مفتوح وتطريز يحدد أطراف العباية
1553,JOHRH,101,pc,#1553 عباية بشت بقيطان اسود
1555,JOHRH,101,pc,#1555 عباية بقماش مشجر وكم اماراتي
1623,JOHRH,101,pc,#1623عباية حرير مغسول كلاسيك
1638,JOHRH,101,pc,#1638 عباية حرير مغسول بقيطان أسود وجيوب
1641,JOHRH,101,pc,#1641عباية كريب صالونة كلاسيك بشريط كتان
1643,JOHRH,101,pc,#1643عباية كريب صالونة كلاسيك بقبة
1662,JOHRH,101,pc,#1662عباية ملكي كلاسيك بجيوب شاكيرا
1734,JOHRH,101,pc,#1734عباية كريب صالونة كلاسيك بخياطة مميزة وجيوب
1775,JOHRH,101,pc,#1775عباية ملكي كلاسيك بقيطان أسود وبطانة سوداء عالكم
1792,JOHRH,101,pc,#1792عباية مخمل كلاسيك بسحاب
1863,JOHRH,101,pc,#1863عباية صوف كلاسيك بجيوب
1910,JOHRH,101,pc,#1910عباية شاكيرا كلاسيك بنقشة مميزة
1947,JOHRH,101,pc,#1947عباية سترتش كلاسيك بقيطان زيتي
1948,JOHRH,101,pc,#1948عباية شاكيرا كلاسيك بقيطان
1950,JOHRH,101,pc,#1950عباية ملكي كلاسيك بخياطة سوداء
1978,JOHRH,101,pc,#1978عباية ملكي وحرير مغسول كلاسيك بكسرة خفيفة مخفية مميزة وقيطان
1992,JOHRH,101,pc,#1992عباية حرير مغسول بشت لف
1998,JOHRH,101,pc,#1998عباية ملكي كويتي أسود بتطريزخيوط كحلية
10002,JOHRH,101,pc,#10002عباية ملكي كويتي بتطريز خيوط سوداء
10010,JOHRH,101,pc,#10010عباية كريب منقوش بشت اسود
10068,JOHRH,101,pc,#10068عباية شاكيرا بكم طبي مربع
10070,JOHRH,101,pc,#10070 عبايةبقماش كريب مقلم
10074,JOHRH,101,pc,#10074 كلوش بكم مربع
10085,JOHRH,101,pc,#10085شاكيرا مربعات لف بقبعة وكم ضيق
10089,JOHRH,101,pc,#10089عباية شاكيرا بقيطان
10101,JOHRH,101,pc,#10101 كلوش بقماش كريب
10131,JOHRH,101,pc,#10131عباية شاكيرا بقيطان زيتي
10133,JOHRH,101,pc,#10133عباية شاكيرا بقيطان اسود
10136,JOHRH,101,pc,#10136عباية ملكي مغربي بقبعة
10178,JOHRH,101,pc,#10178عبايةشاكيرا مميزه باطراف قيطان بني
10180,JOHRH,101,pc,#10180 عباية لينن كلاسيك طقطق كم مربع مع ازرار
10181,JOHRH,101,pc,#10181عباية ملكي بكسره من الاسفل وتطريز مميز هندسي
10187,JOHRH,101,pc,#10187عباية ملكي كلاسيك بخياطة طولية مميزة
10193,JOHRH,101,pc,#10193عباية ملكي بقيطان وجيوب بتحديد زيتي
10194,JOHRH,101,pc,#10194عباية ملكي بقيطان وجيوب بتحديد اسود
10211,JOHRH,101,pc,#10211 عباية شاكيرا كلاسيك سحاب اسود كم ضيق
10215,JOHRH,101,pc,#10215عباية لينن كلاسيك بقبه مميزه
10225,JOHRH,101,pc,#10225عباية لينن لف اسود بقبة وجيب محدد بالاسود وفتحة جانبية مميزة
10236,JOHRH,101,pc,#10236عباية حرير كلاسيك بقصه كلوش اسود
10237,JOHRH,101,pc,#10237عباية حرير كلاسيك بقصه كلوش رمادي
10250,JOHRH,101,pc,#10250عباية كلاسيك بقبه مقلوبه محدده بالاسود
10252,JOHRH,101,pc,#10252عباية بلاك بيري كلاسيك بخطوط طولية
10263,JOHRH,101,pc,#10263عباية عصرية بخامة عملية من الكتان
10277,JOHRH,101,pc,#10277عباية كريب كلاسيك بتطريز مميز باسفل وكم العباية
10280,JOHRH,101,pc,#10280 عباية شيفون كلاسيك طقطق كم مربع
10297,JOHRH,101,pc,#10297عباءه كلاسيك بقصة واسعة
10340,JOHRH,101,pc,#10340 عباية شيفون وبطانه حرير طقطق كم واسع
10383,JOHRH,101,pc,#10383 عبايه شموخ كلاسك كم مربع خياطه طوليه
10384,JOHRH,101,pc,#10384 عبايه شموخ كلاسيك خياطه طوليه رمادي
10432,JOHRH,101,pc,#10432عباية كريب كلاسيك ببطانة مميزة بكم أسود
10629,JOHRH,101,pc,#10629 عباية كريب كلاسيك اسود و ازرق كم زم
10643,JOHRH,101,pc,#10643 عباية كريب كلوش بقبة وجيوب
1003,JOHRH,102,pc,عباية بأكمام ضيقة وجيوب عملية#1003
1004,JOHRH,102,pc,عباية عملية بلون زيتي #1004
1005,JOHRH,102,pc,عباية من شرائح الشيفون #1005
1013,JOHRH,102,pc,عباية بأكمام واسعة وجيوب كبيرة #1013
1035,JOHRH,102,pc,عباية مطرزة بالورود والخرز #1035
1038,JOHRH,102,pc,عباية اماراتية بقماش البلاك بيري #1038
1039,JOHRH,102,pc,قماش الشنتون الفضي #1039
1080,JOHRH,102,pc,عباية بخرز وشريطة منتشة #1080
1084,JOHRH,102,pc,عباية دبل فيس منتش رصاصي #1084
1089,JOHRH,102,pc,عباية دبل فيس منتش كحلي#1089
1097,JOHRH,102,pc,عباية باقمشة متداخلة وشك وبليسيه #1097
1098,JOHRH,102,pc,عباية بجيب شك كحلي#1098
1099,JOHRH,102,pc,عباية بتطريز فضي وشك#1099
1105,JOHRH,102,pc,عباية بقصة البليسيه الكحلية الكلاسيكية #1105
1110,JOHRH,102,pc,#1110 عباية بجيوب واكمام مطعمه بشبك
1121,JOHRH,102,pc,#1121 عباية مطعمة بالتفته الذهبي وقماش الشاكيرا
1129,JOHRH,102,pc,#1129 عباية باقمشة مطعمة بشبك سيلاني على الاكتاف
1139,JOHRH,102,pc,#1139 عباية بقماش كحلي ثقيل مع القيطان
1157,JOHRH,102,pc,#1157 كريب ملكي بأشكال هندسية
1159,JOHRH,102,pc,#1159 عباية لف بتفته وشنتون مطرز
1167,JOHRH,102,pc,#1167 عباية بقماش قطني مطعمة بشبك وخرز
1174,JOHRH,102,pc,#1174 عباية لف مقلمة ومزينة بأزرار كبيرة سوداء
1196,JOHRH,102,pc,#1196 عباية بلاك بيري بكلوش محددة بكحلي
1200,JOHRH,102,pc,#1200 عباية بالشاكيرا المقلم والسيلاني
1201,JOHRH,102,pc,#1201 عباية المخمل والبلاك بيري
1203,JOHRH,102,pc,#1203 بلاك بيري بشرائح الشيفون بحزام
1204,JOHRH,102,pc,#1204 بلاك بيري بشرائح الشيفون محددة بيبج
1205,JOHRH,102,pc,#1205 بلاك بيري بشرائح الشيفون
1206,JOHRH,102,pc,#1206 عباية شاكيرا بأكمام ضيقة ومزينة بالخرز
1212,JOHRH,102,pc,#1212 عباية جاكيت من الشنتون حزام اسود
1213,JOHRH,102,pc,#1213 عباية جاكيت من الشنتون حزام ابيض
1228,JOHRH,102,pc,#1228 عباية بقصة إماراتية وقماش استرتش بلون اسود
1234,JOHRH,102,pc,#1234 عباية من الكريب بحبات الخرز
1241,JOHRH,102,pc,#1241 عباية بقماش كريب ملكي وشانتون
1251,JOHRH,102,pc,#1251 عباية الشاكيرا بخطوط طولية وخرز
1255,JOHRH,102,pc,#1255 عباية لف من الكريب الملكي والشاكيرا
1256,JOHRH,102,pc,#1256 عباية بكتف مشكوك وكم اماراتي
1281,JOHRH,102,pc,#1281 عباية طبقتين شموخ بلون أسود
1284,JOHRH,102,pc,#1284 عباية بقصة إماراتية وتقليمه لامعة بلون أسود
1310,JOHRH,102,pc,#1310 عباية بخطين متوازين من الشاكير بشك
1311,JOHRH,102,pc,#1311 عباية بتصميم رياضي بشرائط بيضاء
1316,JOHRH,102,pc,#1316 عباية بحبات خرز اسود
1318,JOHRH,102,pc,#1318 عباية بتصميم رياضي بكم مقلوب
1322,JOHRH,102,pc,#1322 عباية لينين بكم قابل للطي
1325,JOHRH,102,pc,#1325 عباية شموخ بجيب وثنية بلون كحلي
1326,JOHRH,102,pc,#1326 عباية شموخ بجيب وثنية بلون اخضر
1328,JOHRH,102,pc,#1328كريب ملكي بقصة جاكيت
1332,JOHRH,102,pc,#1332 عباية بقيطان أبيض وأحمر
1335,JOHRH,102,pc,عباية بشبك مقلم ورصاصي #1335
1340,JOHRH,102,pc,#1340 عباية شموخ اماراتية
1341,JOHRH,102,pc,#1341 عباية بخياطة طولية وشك
1345,JOHRH,102,pc,#1345 عباية من بالشانتون بخطوط حمراء وخضراء
1347,JOHRH,102,pc,#1347 عباية رياضية بشرائط
1359,JOHRH,102,pc,#1359 عباية شاكيرا بكريستال
1364,JOHRH,102,pc,#1364 عباية من الخيش والشانتون
1365,JOHRH,102,pc,#1365 عباية بتطريز طولي
1368,JOHRH,102,pc,#1368 عباية كريب بكم ماسك فضي
1369,JOHRH,102,pc,#1369 عباية من الشانتون بشريط لامع
1370,JOHRH,102,pc,#1370 عباية كريب ملكي بسحاب وشرائط كحلية
1376,JOHRH,102,pc,#1376 عباية من الكريب الملكي بأطراف فضية وخضراء
1378,JOHRH,102,pc,#1378 عباية دبل كلوش من كريب صالونة
1382,JOHRH,102,pc,#1382 عباية من كريب صالونة بجيب مخفي
1389,JOHRH,102,pc,#1389 عباءة كريب بجوانب شاكيرا
1394,JOHRH,102,pc,#1394 عباية من الكريب الملكي وقماش ناعم بلون رمادي
1395,JOHRH,102,pc,#1395 عباية شاكيرا بحرير اسود
1397,JOHRH,102,pc,#1397 عباية شاكيرا بحرير زيتي
1398,JOHRH,102,pc,#1398 عباية بكم بثلاث طبقات
1410,JOHRH,102,pc,#1410 عباية بأكمام مطعمة بقيطان
1413,JOHRH,102,pc,#1413 عباية سادة كريب صالونة وكم مقلوب
1421,JOHRH,102,pc,#1421 عباية شاكيرا بسحاب ذهبي
1426,JOHRH,102,pc,#1426 عباية بشريطة رمادية في الأكمام والمنتهية بمطاط
1427,JOHRH,102,pc,#1427 عباية بكم مطاط وخيوط اوف وايت
1429,JOHRH,102,pc,#1429 عباية بطبقتين محددة بقيطان
1431,JOHRH,102,pc,#1431 عباية بكم واسع وشانتون مطرز
1432,JOHRH,102,pc,#1432 عباية شاكيرا بخطوط من الفصوص
1433,JOHRH,102,pc,#1433 عباية إماراتية بحبات كريستال
1436,JOHRH,102,pc,#1436 عباية بلاك بيري بقماش منتش
1437,JOHRH,102,pc,#1437 عباية بقماش قطني بخطوط قيطان وشك
1445,JOHRH,102,pc,#1445 عباية شاكيرا مطعمة بشانتون وأزارير سودا
1446,JOHRH,102,pc,#1446 عباية شاكيرا مطعمة بشانتون وأزارير بيضاء
1452,JOHRH,102,pc,#1452 عباية كريب ملكي مطعم بشانتون كحلي
1453,JOHRH,102,pc,#1453 عباية كريب ملكي مطعم بشانتون أخضر
1454,JOHRH,102,pc,#1454 عباية بقماش مجعد وقصة جاكية واكمام بلون كحلي
1461,JOHRH,102,pc,#1461 عباية بتطريز نحاسي وقبة جاكيت بحزام مخفي
1462,JOHRH,102,pc,#1462 عباية بطبقتين قماش من الخيش وبلاك بيري بحزام مخفي
1465,JOHRH,102,pc,#1465 عباية كريب ملكي بتفته فضي
1466,JOHRH,102,pc,#1466 عباية كريب ملكي بتفته سوداء
1467,JOHRH,102,pc,#1467 عباية بتقليمة وقماش اسود مجعد
1468,JOHRH,102,pc,#1468 عباية اماراتية برسمة على شكل أغصان محددة بكرستال
1471,JOHRH,102,pc,#1471 عباية كريب ملكي وقماش ازرق مجعد
1472,JOHRH,102,pc,#1472 عباية باكمام واسعة مطرزة بكحلي وبيج
1474,JOHRH,102,pc,#1474 عباية كريب ملكي وقماش اخضر مجعد
1476,JOHRH,102,pc,#1476 عباية شانتون مطعمة بخطوط كحلية وشك
1485,JOHRH,102,pc,قبة عريضة وخرز على الأكمام #1485
1487,JOHRH,102,pc,#1487 عباية سبورت وشريطة زم في الكم والأسفل
1488,JOHRH,102,pc,#1488 عباية كتان بخطوط سوداء متوازية ومتقاطعة
1494,JOHRH,102,pc,#1494 عباية بأكمام واسعة وخرز
1498,JOHRH,102,pc,#1498 عباءة ناعمه بصفين شك
1499,JOHRH,102,pc,#1499 عباية مفتوحة مطرزة الاطراف
1500,JOHRH,102,pc,1500 عباية مع شرائط وتداخلات شانتون
1502,JOHRH,102,pc,#1502 شانتون ذهبي واوف وايت
1504,JOHRH,102,pc,#1504 كريب وكم مطاط مع خرز
1506,JOHRH,102,pc,#1506 عباية مزينة بسحاب ذهبي
1509,JOHRH,102,pc,#1509 عباية بلونين أبيض وأخضر
1510,JOHRH,102,pc,#1510 عباية سادة مطعمة بقيطان
1512,JOHRH,102,pc,#1512 عباية كلوش مطعمه بخرز
1516,JOHRH,102,pc,#1516 عباية من الشانتون بكم ضيق مطعمه بتفته خضراء
1519,JOHRH,102,pc,#1519 عباية سبورت كريب ملكي بطقطق وشرائط زيتي
1520,JOHRH,102,pc,#1520 العباءة مع قبة و رباط جانبي بأكمام واسعة
1528,JOHRH,102,pc,#1528عباية بكم ضيق وجيوب
1530,JOHRH,102,pc,#1530 عباية بشبك وقماش طبي على شكل شرائط
1531,JOHRH,102,pc,#1531 عباية شموخ بقيطان بلونين ذهبي واسود
1533,JOHRH,102,pc,#1533 عباية شاكيرا بتطريز ملون
1538,JOHRH,102,pc,#1538 عباية بأكمام مطاط وسحاب بخطين ابيض وكركمي
1544,JOHRH,102,pc,#1544 عباية من التفته المطفي
1545,JOHRH,102,pc,#1545 عباية كريب مع شريط فضي
1546,JOHRH,102,pc,#1546 عباية بخياطة بارزة بلون رمادي
1547,JOHRH,102,pc,#1547 عباية بخياطة بارزة بلون اسود
1551,JOHRH,102,pc,#1551عباية كريب كلاسيك بنقوش مميزة
1552,JOHRH,102,pc,#1552 عباية بشت بقماش ملكي وقيطان زيتي
1557,JOHRH,102,pc,#1557 عباية بقماش مشجر وكم زم
1560,JOHRH,102,pc,#1560عباية بلاك بيري كلاسيك لف بجيوب وشك
1563,JOHRH,102,pc,#1563عباية ملكي كلاسيك بشك
1590,JOHRH,102,pc,#1590 عباية شاكيرا بجيوب
1613,JOHRH,102,pc,#1613عباية ملكي كلاسيك ببشك وجيوب
1616,JOHRH,102,pc,#1616عباية كلاسيك بتطريز وصدف أسود
1642,JOHRH,102,pc,#1642عباية كريب صالونة بشريط كتان زيتي
1666,JOHRH,102,pc,#1666عبايه شموخ وشانتون بخطوط قيطان
1678,JOHRH,102,pc,#1678عباية شموخ كلاسيك بكسرات وجيوب
1679,JOHRH,102,pc,#1679عباية شموخ كلاسيك بكسرات وجيوب
1680,JOHRH,102,pc,#1680عباية بلاك بيري كويتي بأزرار
1681,JOHRH,102,pc,#1681عباية ملكي كلاسيك بقيطان مخطط
1683,JOHRH,102,pc,#1683عباية ملكي كلاسيك ببطانة كم أسود
1684,JOHRH,102,pc,#1684عباية ملكي كلاسيك بخياطة بيضاء
1685,JOHRH,102,pc,#1685عباية ملكي كلاسيك بطانة كم فضي
1686,JOHRH,102,pc,#1686عباية ملكي كلاسيك بطانة كم زهري
1687,JOHRH,102,pc,#1687عباية ملكي كلاسيك بطانة كم ذهبي
1688,JOHRH,102,pc,#1688عباية ملكي كلاسيك بطانة كم زيتي
1689,JOHRH,102,pc,#1689 عباية ملكي كلاسيك بطانة كم كحلي
1690,JOHRH,102,pc,#1690عباية ملكي كلاسيك بطانة كم عنابي
1702,JOHRH,102,pc,#1702عباية شموخ مميزه بشك على الكتف والكم
1706,JOHRH,102,pc,#1706عباية ملكي كلاسيك بقيطان وكم مقلوب
1709,JOHRH,102,pc,#1709عباية بليسيه لف بلون رمادي غامق
1733,JOHRH,102,pc,#1733عباية ملكي كلاسيك بجيوب وأقمشة متداخلة على الجيب
1735,JOHRH,102,pc,#1735عباية كريب صالونة بتحديد بيج مميز
1736,JOHRH,102,pc,#1736عباية كريب صالونه لف باضافة اقمشة زيتية وشاكيرا
1738,JOHRH,102,pc,#1738عباية شاكيرا كلاسيك بخياطه بيج
1740,JOHRH,102,pc,#1740راما كلوش بتطريز
1743,JOHRH,102,pc,#1743 عباية عملية بقيطان رمادي وكم قابل للطي
1755,JOHRH,102,pc,#1755عباية شاكيرا كلاسيك بأزرار عالجنب
1756,JOHRH,102,pc,#1756عباية شاكيرا كلاسيك بأزرار عالجنب وخياطة ذهبية
1759,JOHRH,102,pc,#1759عباية حرير شامواه بخطوط ذهبية وجيوب
1761,JOHRH,102,pc,#1761عباية ملكي كلاسيك بتطريز وجيوب
1765,JOHRH,102,pc,#1765عباية شامواه شتوي كلاسيك بتدخيلات كحلي
1767,JOHRH,102,pc,#1767 عباية بموديل كويتي من المخمل مع الملكي
1772,JOHRH,102,pc,#1772عباية ملكي كلاسيك بقيطان كحلي وبطانة كحلية للكم
1774,JOHRH,102,pc,#1774عباية ملكي كلاسيك بقيطان زيتي وبطانة زيتية عالكم
1780,JOHRH,102,pc,#1780عباية ملكي بقيطان زيتية طولية
1782,JOHRH,102,pc,#1782 عباية ملكي كلاسيك ببطانة سوداء طويلة
1783,JOHRH,102,pc,#1783عباية مخمل كلاسيك بجيوب بيج
1785,JOHRH,102,pc,#1785عباية ملكي ومخمل كويتي بجيوب
1814,JOHRH,102,pc,#1814عباية شاكيرا بخياطة وازرار بيج
1821,JOHRH,102,pc,#1821عباية شموخ مخطط بكم دبل جاكيت
1827,JOHRH,102,pc,#1827عباية صوف بقبة واطراف مخمل
1830,JOHRH,102,pc,#1830عباية شاكيرا كلاسيك بأزرار وخياطة رمادي
1831,JOHRH,102,pc,#1831عباية شاكيرا كلاسيك بأزرار وخياطة زرقاء
1836,JOHRH,102,pc,#1836عباية ملكي كلاسيك بخرز منثور خلف العباية
1842,JOHRH,102,pc,#1842عباية ملكي كلاسيك بجيوب وأقمشة متنوعة
1852,JOHRH,102,pc,#1852عباية شاموا شتوي لف بتدخيلات بنيه
1854,JOHRH,102,pc,#1854عباية مخمل مغربي بقبعة
1858,JOHRH,102,pc,#1858عباية صوف استرتش أسود
1859,JOHRH,102,pc,#1859عباية سترتش كلاسيك أسود بقيطان عالاكمام
1861,JOHRH,102,pc,#1861عباية شاكيرا بجيب شك وكم مقلوب
1866,JOHRH,102,pc,#1866عباية حرير مغسول بأطراف زيتية
1867,JOHRH,102,pc,#1867عباية حرير مغسول كلاسيك بأطراف بنفسجية
1869,JOHRH,102,pc,#1869عباية بلاك بيري اماراتي بنقش عالاكمام
1876,JOHRH,102,pc,#1876عباية ملكي بجيب وتطريز جانبي
1880,JOHRH,102,pc,#1880عباية ملكي كلاسيك بجيوب نقش وأزرار
1881,JOHRH,102,pc,#1881 عباية ملكي كلاسيك محدده بقيطان
1882,JOHRH,102,pc,#1882عباية ملكي كلاسيك محدده بقيطان وجيوب
1888,JOHRH,102,pc,#1888عباية صوف ومخمل كلاسيك بأقمشة متداخلة
1890,JOHRH,102,pc,#1890عباية جكار كلاسيك بخياطة بني
1898,JOHRH,102,pc,#1898عباية شامواه كلاسيك بقبة مميزة
1899,JOHRH,102,pc,#1899عباية شامواه كلاسيك بخياطة طولية
1904,JOHRH,102,pc,#1904عباية شاكيرا كلاسيك بنقشة مميزة بلمسة بيج
1906,JOHRH,102,pc,#1906عباية بلاك بيري اماراتي بتطريز كحلي عالاكمام
1907,JOHRH,102,pc,#1907عباية بلاك بيري كلاسيك بقيطان شرايح
1909,JOHRH,102,pc,#1909عباية ملكي كلاسيك بجيوب بالجوانب سوداء
1912,JOHRH,102,pc,#1912عباية ملكي كلاسيك بقيطان زيتي
1913,JOHRH,102,pc,#1913عباية ملكي كلاسيك بقيطان أبيض
1914,JOHRH,102,pc,#1914عباية ملكي كلاسيك بكم مقلوب وقيطان
1915,JOHRH,102,pc,#1915عباية ملكي كلاسيك بجيوب وقيطان
1922,JOHRH,102,pc,#1922عباية كريب كلاسيك بجيب تحديد مميز
1932,JOHRH,102,pc,#1932 عباية ملكي كلوش بخياطة هندسية
1933,JOHRH,102,pc,#1933عباية شموخ كلاسيك بخياطة مقلوبة وقبة مميزة
1949,JOHRH,102,pc,#1949عباية ملكي كلاسيك بخياطة بيج
1951,JOHRH,102,pc,#1951عباية ملكي كلاسيك بخياطة بيضاء
1953,JOHRH,102,pc,#1953عباية ملكي كلاسيك بقيطان
1958,JOHRH,102,pc,#1958عباية ملكي كلاسيك بخياطة مقلوبة وشيفون عالاكتاف
1968,JOHRH,102,pc,#1968عباية كريب صالونة بنقش عالاكمام
1969,JOHRH,102,pc,#1969عباية كريب صالونة بكم مربع بنقش عالاكمام
1972,JOHRH,102,pc,#1972عباية مخمل وشامواه كلاسيك بتحديد سحاب
1977,JOHRH,102,pc,#1977عباية ملكي وحرير مغسول بكسرات مخفية وتدخيلات
1984,JOHRH,102,pc,#1984عباية ملكي وحرير مغسول كلاسيك بكسرة خفيفة وتدخيلات زيتي غامق
1987,JOHRH,102,pc,#1987عباية كريب كلاسيك بكسرات طولية وخرز عالاكتاف
1999,JOHRH,102,pc,#1999عباية ملكي كويتي أسود بتطريز خيوط سكري
10000,JOHRH,102,pc,#10000عباية ملكي كويتي بتطريز خيوط ذهبية
10001,JOHRH,102,pc,#10001عباية ملكي كويتي عنابي بتطريز خيوط عنابي
10016,JOHRH,102,pc,#10016عباية كريب سراميك وحرير مغسول جاكيت بحزام على الجنب
10032,JOHRH,102,pc,#10032عباية شامواه كلاسيك بتطريز هندسي
10036,JOHRH,102,pc,#10036عباية شموخ كلاسيك بأضافة جلدية مميزة
10039,JOHRH,102,pc,#10039 عباية بلاك بيري اماراتي لف
10044,JOHRH,102,pc,#10044عباية بلاك بيري بتطريز وخرز على الاكمام
10047,JOHRH,102,pc,#10047عباية ملكي كلاسيك بكم مقلوب وشك عالاكمام
10050,JOHRH,102,pc,#10050عباية كريب بتطريز وكم مقلوب
10063,JOHRH,102,pc,#10063عباية كريب مقلم لف بجيوب
10064,JOHRH,102,pc,#10064عباية شاكيرا كلاسيك بأزرار على القبة والأكمام
10065,JOHRH,102,pc,#10065عباية كريب كلاسيك بشك وكم واسع
10072,JOHRH,102,pc,#10072 قيطان مقلم وكم ضيق
10073,JOHRH,102,pc,#10073 ملكي بشك على الاكمام
10077,JOHRH,102,pc,#10077عباية ملكي وشاكيرا بشك على الاكمام والاسفل
10098,JOHRH,102,pc,#10098عباية ملكي بكم اماراتي وقيطان ميروم
10109,JOHRH,102,pc,#10109ملكي باكمام بقماش مقلم
10132,JOHRH,102,pc,#10132عباية شاكيرا بقيطان رمادي
10137,JOHRH,102,pc,#10137 عباية كتان لف بقة بتحديد جلد
10140,JOHRH,102,pc,#10140عباية أورغنزا كويتي بتحديد جلدي فاخر
10144,JOHRH,102,pc,#10144 عباية ملكي كلاسيك كم مقلوب بتدخيلة الشك
10145,JOHRH,102,pc,#10145عباءة بقصة مميزة من الشامواة وتفته بازارا
10147,JOHRH,102,pc,#10147عباية شاكيرا وشامواه اسود وموف فاتح واقمشة متداخلة
10148,JOHRH,102,pc,#10148عباية شاكيرا وشامواه بأقمشة متداخلة
10149,JOHRH,102,pc,#10149عباية شاكيرا وشامواه اسود وبني باقمشة متداخله
10150,JOHRH,102,pc,#10150عباية شاكيرا وشامواه باقمشة متداخلة أسود وعنابي
10151,JOHRH,102,pc,#10151عباية شاكيرا وشامواه اسود وزيتي باقمشة متداخله
10152,JOHRH,102,pc,#10152عباية شاكيرا وشامواه اسود وليلكي واقمشة متداخلة
10153,JOHRH,102,pc,#10153عباية شاكيرا وشامواه اسود وكحلي واقمشة متداخلة
10154,JOHRH,102,pc,#10154 عباية شامواه بكم مقلوب وتداخل سماوي
10155,JOHRH,102,pc,#10155عباية كريب كلاسيك لف بقبة وشك
10156,JOHRH,102,pc,#10156عباية بلاك بيري دبل كلوش طبقتين
10157,JOHRH,102,pc,#10157عباية بلاك بيري دبل كلوش طبقتين
10159,JOHRH,102,pc,#10159عباية كلاسيك شاكيرا بنقوش مميزه
10160,JOHRH,102,pc,#10160عباية كلاسيك شاكيرا بنقوش مميزه
10170,JOHRH,102,pc,#10170عباية كريب كلاسيك بخطوط متوازيه بالاسود وتطريز
10171,JOHRH,102,pc,#10171عباية بقماش شاكيرا وتطريز بكامل العباءة
10173,JOHRH,102,pc,#10173 عباية شانتون مطرز لف بقبة
10179,JOHRH,102,pc,#10179عباية شاكيرا مميزه باطراف وقيطان بني واكمام شانتون بني
10182,JOHRH,102,pc,#10182عباية كريب مقلم بقصة مميزة
10183,JOHRH,102,pc,#10183عباية ملكي كلاسيك محدد بقماش مقلم
10184,JOHRH,102,pc,#10184عباية ملكي بتدخيلات شامواه وشك مميز
10186,JOHRH,102,pc,#10186 عباية ملكي كلاسيك كم مقلوب بشك
10189,JOHRH,102,pc,#10189عباية كريب مقلم لف تفته خضرا
10190,JOHRH,102,pc,#10190عباية كريب مقلم لف بتفته سوداء
10191,JOHRH,102,pc,#10191 عباية كريب مقلم بتفتة كحلي
10195,JOHRH,102,pc,#10195عباية ملكي بقيطان وجيوب بتحديد كحلي
10196,JOHRH,102,pc,#10196عباية ملكي بتطريز كحلي على الاطراف
10197,JOHRH,102,pc,#10197عباية ملكي بتطريز بني عالاطراف
10198,JOHRH,102,pc,#10198عباية ملكي بتطريز عنابي على الاطراف
10199,JOHRH,102,pc,#10199عباية ملكي كلاسيك بتطريز ابيض عالاطراف
10200,JOHRH,102,pc,#10200عبابة ملكي بتطريز أسود عالاطراف
10201,JOHRH,102,pc,#10201عباية شامواه بقصه مميزه مائله
10202,JOHRH,102,pc,#10202ملكي كلاسيك بقصه مميزه من الخلف باللون العنابي وتطريز
10209,JOHRH,102,pc,#10209عباية شامواه مميز لف اسود بقصة جاكيت بجيوب مميزة
10213,JOHRH,102,pc,#10213عباية كلاسيك كريب بشك ناعم
10226,JOHRH,102,pc,#10226عباية كريب كلاسيك بطبقات مميزه عالاكتف
10228,JOHRH,102,pc,#10228عباية كريب كلاسيك بطبقات مميزه عالاكتاف عنابي
10249,JOHRH,102,pc,#10249 عباية صالونة بكلفة ناعمة على الاكمام
10254,JOHRH,102,pc,#10254عباية لينين بكسرات مميزة
10255,JOHRH,102,pc,#10255 عباية شامواه كلاسيك كم ضيق و قبة
10260,JOHRH,102,pc,#10260 عباية كلاسيك بقبة مقلوبة محددة بالابيض
10262,JOHRH,102,pc,#10262عباية كلاسيك ساده بتطريز متوازي ابيض
10267,JOHRH,102,pc,#10267 عباية حرير مغسول قبة طبقتين مطرزة باللون الابيض
10275,JOHRH,102,pc,#10275عباية كلاسيك بقصه كلوش ومحدده بالابيض
10289,JOHRH,102,pc,#10289عباية كريب مخطط كلاسيك بخرز زرار وتحديد قيطان
10290,JOHRH,102,pc,#10290عباية شامواه كلاسيك بتطريز
10298,JOHRH,102,pc,#10298 عباية حرير مغسول كلاسيك كم ضيق و تطريز
10320,JOHRH,102,pc,#10320 عباية حرير مغسول كلاسيك كم ضيق
10324,JOHRH,102,pc,#10324عباية كريب كلاسيك بتطريز عنابي مميز باسفل وكم العباية
10325,JOHRH,102,pc,#10325عباية كريب كلاسيك بتطريز ازرق مميز باسفل وكم العباية
10326,JOHRH,102,pc,#10326عباية كريب كلاسيك بتطريز اخضر مميز بأسفل وبكم العباية
10337,JOHRH,102,pc,#10337 عبايه حرير مغسول كلاسيك بتطريز ذهبي
10339,JOHRH,102,pc,#10339عباية مربعات شفاف وبطانة حرير اسود مبطن بأخضر
10341,JOHRH,102,pc,#10341 عباية مربعات شفاف أسود مبطنة بلون كحلي
10342,JOHRH,102,pc,#10342عباية مربعات شفاف وبطانة حرير اسود وبطانة بيضاء
10369,JOHRH,102,pc,#10369 عبايه كلاسك ملكي زرار عالجنب بتحديد قيطان
10385,JOHRH,102,pc,#10385 عباية شموخ كلاسيك بخياطة طولية أبيض
10387,JOHRH,102,pc,#10387 عباية بلاك بيري كلاسيك طقطق كم مربع
10388,JOHRH,102,pc,#10388 عباية كريب ثلاث طبقات بتمويج مميز
10389,JOHRH,102,pc,#10389 عباية حريرمغسول خياطة هندسية مميزة
10421,JOHRH,102,pc,#10421 عباية شامواه كلاسيك طقطق كم ضيق
10433,JOHRH,102,pc,#10433عباية كريب كلاسيك ببطانة مميزة بالكم كحلي
10480,JOHRH,102,pc,#10480 عباية بلاك بيري وحرير مغسول بدمج مميز بالاقمشة
10488,JOHRH,102,pc,#10488 عباية دمج قماشين أسود بفاصل من الكروشيه بحياكه يدويه
10491,JOHRH,102,pc,#10491 عباية كريب كلاسيك كم زم و قبة
10496,JOHRH,102,pc,#10496 عباية كريب قبه بقيطان ابيض واكمام مميزه
10505,JOHRH,102,pc,#10505 عباية بلاك بيري كويتي كم مربع قيطان
10506,JOHRH,102,pc,#10506 عباية بلاك بيري كويتي كم مربع قيطان
10508,JOHRH,102,pc,#10508 عباية بلاك بيري كويتي طقطق كم مربع
10569,JOHRH,102,pc,#10569 عباية شانتون كلاسيك لف قيطان
10575,JOHRH,102,pc,#10575 عباية شانتون كسرات كم ضيق
10582,JOHRH,102,pc,#10582 عباية مخمل بتدخيلات شامواه بقيطان
10586,JOHRH,102,pc,#10586 عباية شامواه/جلد كلاسيك كم ضيق
10587,JOHRH,102,pc,#10587 عباية مخمل كلاسيك كم قابل للطي
10588,JOHRH,102,pc,#10588 عباية شامواه كلاسيك كم زم
10591,JOHRH,102,pc,#10591عباية تأتي بقبة وجيوب يزينها أزارير بالمنتصف
10594,JOHRH,102,pc,#10594عباية شامواه بتدخيلات مخمل قبة وجيوب
10595,JOHRH,102,pc,#10595 عباية شامواه كسرات كم ضيق
10614,JOHRH,102,pc,#10614 عباية شامواه كلاسيك كم قابل للطي
10616,JOHRH,102,pc,#10616عباية كلاسيك شاكيرا بسحاب
10627,JOHRH,102,pc,#10627 عباية حرير مغسول كلاسيك كم زم و تطريز
10631,JOHRH,102,pc,#10631عباية شامواه سادة
10632,JOHRH,102,pc,#10632 عباية شتوية بسحاب وقبعة
10644,JOHRH,102,pc,#10644عباية جوخ صوف بكسرات
10648,JOHRH,102,pc,#10648عباية شتويه بتصميم عملي جيوب وأزارير
1029,JOHRH,103,pc,#1029 عباية من الترتر والتفته والكريب
1059,JOHRH,103,pc,عباية بخرز على شكل اغصان #1059
1068,JOHRH,103,pc,عباية بتطريز طولي مع كرستال #1068
1073,JOHRH,103,pc,#1073 عباية المشلح وحبات خرز
1079,JOHRH,103,pc,عباية قيطان مع حبات السيلاني #1079
1086,JOHRH,103,pc,عباية بترتر وخرز مع تكسير #1086
1088,JOHRH,103,pc,عباية بلولو أسود وكسرات #1088
1108,JOHRH,103,pc,#1108 عباءة بالتل المكسر وخرز اللؤلؤ الأبيض والأسود
1114,JOHRH,103,pc,#1114 عباية بقماش لينين مطعمه بخرز وكسرات بليسيه
1117,JOHRH,103,pc,#1117 عباية قصة إماراتية بلمسة الورد
1123,JOHRH,103,pc,#1123 عباءة بقصة مميزةبكسرة مفتوحة وشك
1132,JOHRH,103,pc,#1132 عباية من قماش الستان بخرز ولولو اسود
1134,JOHRH,103,pc,#1134 عباية بقماش ستان مشكوك بخرز اللؤلؤ الابيض والسيلاني
1135,JOHRH,103,pc,#1135 عباية بقصة الفراشة بقماش شموخ مع طبقات الدانتيل
1144,JOHRH,103,pc,#1144 عباية مخمل مطعمة بالشنتون وجيوب الترتر
1163,JOHRH,103,pc,#1163 عباية بقماش قطني واكمام زم
1169,JOHRH,103,pc,#1169 عباية بتطعميات بيضاء ونتش
1171,JOHRH,103,pc,#1171عباية شموخ بقصة كم مربعة مزينة بتفته
1172,JOHRH,103,pc,#1172 عباية شموخ بقصة كم مربعة مزينة بتفته عنابي
1173,JOHRH,103,pc,#1173 عباية شموخ بقصة كم مربعة مزينة بتفته ذهبية
1177,JOHRH,103,pc,#1177 عباية بقماش منقوش واكمام ضيقة
1190,JOHRH,103,pc,#1190 عباية من الكريب الملكي مزينة بتفته مزخرفة
1198,JOHRH,103,pc,#1198 عباية مخمل مزينة بشكل أغصان
1211,JOHRH,103,pc,#1211 عباية بطبقتين بأكمام مزينة بخرز
1214,JOHRH,103,pc,#1214 عباية بقصة جاكيت من الشاكيرا
1215,JOHRH,103,pc,#1215 عباية بقماش شاكير مع قبة جاكيت
1233,JOHRH,103,pc,#1233 عباية بأطراف مثلثه بالكريستال الأسود
1254,JOHRH,103,pc,#1254 عباية شاكيرا مشكوكة بورد
1271,JOHRH,103,pc,#1271 عباية كريب ملكي مزينه بتل مشكوك
1280,JOHRH,103,pc,#1280 عباية مزينة بسيلاني ذهبي وخرز
1294,JOHRH,103,pc,#1294 عباية شاكيرا مشكوكة بسيلاني وخرز
1315,JOHRH,103,pc,#1315 عباية كريب ملكي وشنتون بقصة جاكيت
1330,JOHRH,103,pc,#1330 شاكيرا مقلم بقبة طولية
1334,JOHRH,103,pc,#1334 عباية بقبة وحبات خرز
1342,JOHRH,103,pc,#1342 عباية بقماش مشجر وكرستال
1343,JOHRH,103,pc,#1343 عباية شموخ مزينة بشريط ترتر
1344,JOHRH,103,pc,#1344 عباية بكم تل وحبات الخرز
1346,JOHRH,103,pc,#1346 عباية شموخ بشبك على الاكمام
1353,JOHRH,103,pc,#1353 عباية بشرائط منتشه بترتر وخرز
1355,JOHRH,103,pc,#1355 عباية شموخ بشيفون مكسر
1356,JOHRH,103,pc,#1356 عباية كريب بشك
1357,JOHRH,103,pc,#1357 عباية شاكير بكم مطاط
1360,JOHRH,103,pc,#1360 عباية لينين بكسرات
1367,JOHRH,103,pc,#1367 عباية بتقليمة خفيفة مزينة بريش
1380,JOHRH,103,pc,#1380 عباية من الكريب وتقليمة شانتون بريش
1381,JOHRH,103,pc,#1381 عباية كريب وشانتون مطعمه بخرز وريش
1384,JOHRH,103,pc,#1384 عباية بتقليمة وشانتون مزين بخرز
1385,JOHRH,103,pc,#1385 عباية بجانبين مختلفين بالترتر والشيفون المكسر وبأكمام ضيقة
1386,JOHRH,103,pc,#1386 عباية من الشانتون بتطريزات
1387,JOHRH,103,pc,#1387 عباية من الشانتون بأكمام مطرزة
1390,JOHRH,103,pc,#1390 عباية بشانتون وورد مشكوك بخرز
1399,JOHRH,103,pc,#1399 عباية بكريب وقماش قطني بلون ابيض
1422,JOHRH,103,pc,#1422 عباية كريب ملكي بتطريز ذهبي
1423,JOHRH,103,pc,#1423 عباية كريب مطعمه بمخمل وشك ناعم
1425,JOHRH,103,pc,#1425 عباية شموخ بشك سيلاني
1428,JOHRH,103,pc,#1428 عباءة بتقليمة وقماش قطني اخضر
1434,JOHRH,103,pc,#1434 عباية بقماش قطني وأزارير مربعة
1438,JOHRH,103,pc,#1438 عباية لينين بقيطان على الصدر
1440,JOHRH,103,pc,#1440 عباية بدانتيل مبطن مع حزام مخفي
1442,JOHRH,103,pc,#1442 عباية شاكيرا بقبة جاكيت وحزام مخفي
1457,JOHRH,103,pc,#1457 عباية بتقليمه وقماش مجعد اخضر
1495,JOHRH,103,pc,#1495 قطني واقف بالخرز النحاسي
1496,JOHRH,103,pc,#1496 شانتون وكريب مع ريش
1501,JOHRH,103,pc,#1501 كريب لف وشانتون ووشاح
1505,JOHRH,103,pc,#1505 عبائة بقبة جاكيت ومطعمه بريش
1507,JOHRH,103,pc,#1507 كتان أبيض وقبه دبل
1508,JOHRH,103,pc,#1508 كتان ابيض وأزارير مربعة بيضاء
1513,JOHRH,103,pc,#1513 عبائة بتطعيمة قماش مطفي وفضي لامع
1521,JOHRH,103,pc,#1521 عباية بقصة قبه مميزة مع حزام على الجانب
1522,JOHRH,103,pc,#1522 عباية من الشانتون ومطرزة بخياطات طولية
1525,JOHRH,103,pc,#1525عباية كلاسيك بكم مربع
1527,JOHRH,103,pc,#1527عباية شاكيرا بكم ضيق وشك
1529,JOHRH,103,pc,#1529 عباءة اماراتية كريب ملكي بخرز دائري
1534,JOHRH,103,pc,#1534عباية شانتون لف بتطريز وشك وكم قابل لطيء
1537,JOHRH,103,pc,#1537 عباية بلاك بيري بورد ابيض واسود
1539,JOHRH,103,pc,#1539عباية ملكي اندونيسي كلاسيك بتطريز عالجانب
1541,JOHRH,103,pc,#1541 عباية بتداخل شانتون وشبك مع تطريز بترتر
1542,JOHRH,103,pc,#1542 عباية بخرز وتل ومخمل متداخل
1543,JOHRH,103,pc,#1543 عباية بخرز وتل شفاف ومخمل متداخل
1548,JOHRH,103,pc,#1548عباية إماراتي بتطريز ترتر وطبقات شيفون
1549,JOHRH,103,pc,#1549عباية شاكيرا كلاسيك
1550,JOHRH,103,pc,#1550عباية بلاك بيري كلاسيك بشانتون بالجنب ودندوش
1554,JOHRH,103,pc,#1554 عباية ملكي بتداخلات شانتون زيتي
1562,JOHRH,103,pc,#1562عباية الاميرات كلاسيك بشك وحزام وتطريز
1565,JOHRH,103,pc,#1565 عباية ملكي بشك وجيوب
1566,JOHRH,103,pc,#1566 عباية شانتون بشك
1570,JOHRH,103,pc,#1570عباية راما اندونيسي كلاسيك بتطريز كحلي
1578,JOHRH,103,pc,#1578عباية شانتون كلاسيك لف بشك
1579,JOHRH,103,pc,#1579عباية شانتون كلاسيك لف بشك
1583,JOHRH,103,pc,#1583 عباية لف بكسرات وكم زم
1595,JOHRH,103,pc,#1595عباية شانتون كلاسيك لف بشك
1601,JOHRH,103,pc,#1601عباية حرير مغسول بشك
1602,JOHRH,103,pc,#1602 حرير مغسول كسرات
1603,JOHRH,103,pc,#1603عباية حرير مغسول كسرات بشك
1604,JOHRH,103,pc,#1604عباية بلاك بيري كويتي بدندوش
1607,JOHRH,103,pc,#1607 عباية حرير لف زيتي
1608,JOHRH,103,pc,#1608 عباية حرير بكم مربع
1609,JOHRH,103,pc,#1609 عباية بشك وتداخل الزيتي
1610,JOHRH,103,pc,#1610 عباية موديل كويتي حرير مغسول
1611,JOHRH,103,pc,#1611عباية قطن بشت لف أسود
1612,JOHRH,103,pc,#1612عباية قطن بشت لف رصاصي
1614,JOHRH,103,pc,#1614عباية كويتي بكسرات
1615,JOHRH,103,pc,#1615عباية شموخ كلاسيك لف بشك وجيوب
1617,JOHRH,103,pc,#1617عباية كلاسيك بتطريز وصدف فضي
1618,JOHRH,103,pc,#1618عباية كلاسيك بتطريز وصدف ذهبي
1622,JOHRH,103,pc,#1622عباية ملكي كلاسيك أسود بشك
1627,JOHRH,103,pc,#1627عباية ملكي كلاسيك بشك وجيوب
1629,JOHRH,103,pc,#1629عباية ملكي كلاسيك أسود بشك وجيوب
1630,JOHRH,103,pc,#1630عباية جاكيت لف بجيوب بلونين أسود ورصاصي
1634,JOHRH,103,pc,#1634عباية راما اندونيسي كلاسيك بتطريز أخضر
1636,JOHRH,103,pc,#1636عباية ملكي كلاسيك ساري
1640,JOHRH,103,pc,#1640عباية كلاسيك بتطريز أسود
1650,JOHRH,103,pc,#1650عباية حرير مغسول مشلح
1661,JOHRH,103,pc,#1661عباية ملكي كلاسيك بشك وجيوب شاكيرا
1663,JOHRH,103,pc,#1663عباية ملكي كلاسيك لف
1665,JOHRH,103,pc,#1665 عبايه شموخ كلاسيك لف بحزام
1668,JOHRH,103,pc,#1668عبايه ملكي كلاسيك بشك وجييوب
1669,JOHRH,103,pc,#1669 عبايه تفته كلاسيك بخطوط قيطان
1670,JOHRH,103,pc,#1670عباية بلاك بيري طبقات شيفون
1682,JOHRH,103,pc,#1682عباية ملكي كلاسيك بكم ضيق وشك
1697,JOHRH,103,pc,#1697عباية حرير مغسول كلاسيك بخياطة فضية وترتر عالاكمام
1704,JOHRH,103,pc,#1704عبايه حرير مغسول لف بخياطه مربعات
1705,JOHRH,103,pc,#1705عباية حرير مغسول بخياطه مربعات تطريز ذهبي
1721,JOHRH,103,pc,#1721عباية حرير مغسول كلاسيك أسود وزيتي بخرز
1722,JOHRH,103,pc,#1722عباية شموخ كلاسيك بشرائح شيفون
1730,JOHRH,103,pc,#1730عباية حرير مغسول بتطريز عالاكمام والخلف
1732,JOHRH,103,pc,#1732عباية ملكي شانتون لف بشك وجيب
1737,JOHRH,103,pc,#1737عباية كريب صالونه كلاسيك بشك عالاكمام بكم واسع دبل
1741,JOHRH,103,pc,#1741عباية ملكي كلاسيك بقيطان وشك
1742,JOHRH,103,pc,#1742عباية شاكيرا كلاسيك بشك مطعم بقماش طبي
1744,JOHRH,103,pc,#1744عباية ملكي كلاسيك بخياطه مقلوبة بلونين أخضر وأسود
1745,JOHRH,103,pc,#1745عباية ملكي كلاسيك بشك وخياطه مقلوبة
1747,JOHRH,103,pc,#1747عباية شانتون كلاسيك بشك مميز
1748,JOHRH,103,pc,#1748عباية شانتون كلاسيك بشك مميز وقيطان كحلي
1749,JOHRH,103,pc,#1749 عباية شنتون كلاسيك بشك مميز وقيطان أخضر
1754,JOHRH,103,pc,#1754عباية ملكي مميز بلون أسود بكسرة عالكم والجنب
1812,JOHRH,103,pc,#1812عباية حرير مغسول كويتي جاكيت
1840,JOHRH,103,pc,#1840عباية قطن شتوي لف برسمة مميزة لامعة
1850,JOHRH,103,pc,#1850عباية شامواه كلاسيك بأقمشة متداخلة
1917,JOHRH,103,pc,#1917عباية شبك مبطن مميزة بخياطة ذهبية
1918,JOHRH,103,pc,#1918عباية شبك مبطن مميزة ببطانة زيتية
1920,JOHRH,103,pc,#1920عباية شاكيرا مربعات كلاسيك بشك
1921,JOHRH,103,pc,#1921عباية ملكي كلاسيك لف بشانتون منقوش بتطريز نحاسي
1926,JOHRH,103,pc,#1926عباية شامواه كلاسيك أخضر بتطريز ورسمة شك
1928,JOHRH,103,pc,#1928عباية شامواه كلاسيك كحلي برسمة شك وتطريز
1930,JOHRH,103,pc,#1930عباية ملكي كلاسيك بشيفون عالاكتاف وبخياطة ذهبية
1931,JOHRH,103,pc,#1931عباية ملكي كلاسيك بخياطة مقلوبة ذهبية وقبة مميزة
1934,JOHRH,103,pc,#1934عباية شامواه كلاسيك لف كحلي بشك وشامواه أسود
1936,JOHRH,103,pc,#1936عباية شامواه كلاسيك لف كحلي بشك وقبة كبيرة
1937,JOHRH,103,pc,#1937عباية ملكي كلاسيك لف بشانتون منقوش بتطريز نحاسي
1938,JOHRH,103,pc,#1938عباية شاكيرا مربعات بخرز وكرستال
1939,JOHRH,103,pc,#1939عباية شامواه كلاسيك بكم مقلوب وشك
1940,JOHRH,103,pc,#1940عباية شامواه مميزه لف بشك مميز ينتهي بكسره زيتيه
1945,JOHRH,103,pc,#1945عباية شامواه كلاسيك لف بشك وشامواه أسود
1952,JOHRH,103,pc,#1952عباية شاكيرا مربعات بشك
1959,JOHRH,103,pc,#1959عباية مخمل قبة جاكيت كبيرة مميزة
1960,JOHRH,103,pc,#1960عباية مخمل وشامواه كلاسيك اسود ورمادي تحديد سحاب
1965,JOHRH,103,pc,#1965عباية مخمل كلاسيك لف بقيطان أسود
1966,JOHRH,103,pc,#1966عباية شامواه كلاسيك لف بتطريز
1967,JOHRH,103,pc,#1967عباية بلاك بيري كلوش بشك
1970,JOHRH,103,pc,#1970عباية ملكي كلاسيك بخياطة بيضاء وجيوب امامية
1973,JOHRH,103,pc,#1973عباية ملكي كلاسيك بكم ضيق وتطريز شك
1975,JOHRH,103,pc,#1975عباية ملكي كلاسيك بقبة ورد ولولو مميز
1979,JOHRH,103,pc,#1979عباية ملكي وحرير مغسول كلاسيك بكسرة خفيفة بتدخيلات بيج
1980,JOHRH,103,pc,#1980عباية ملكي وحرير مغسول كلاسيك بكسرات مخفية مميزة وتدخيلات سكري
1981,JOHRH,103,pc,#1981عباية ملكي وحرير مغسول كلاسيك بكسرة خفيفة وتدخيلات خضرا
1982,JOHRH,103,pc,#1982عباية ملكي وحرير مغسول كلاسيك بكسرة خفيفة وتدخيلات عنابي
1983,JOHRH,103,pc,#1983عباية ملكي وحرير مغسول كلاسيك بكسره مخفية مميزة وتدخيلات اخضر فاتح
10006,JOHRH,103,pc,#10006عباية سترتش كلاسيك بلياقة قماش بارد
10011,JOHRH,103,pc,#10011عباية كريب وحرير مغسول بشت بخرز وازرار
10013,JOHRH,103,pc,#10013عباية كريب وحرير مغسول بشت كحلي بخرز وازرار
10034,JOHRH,103,pc,#10034عباية شانتون كلاسيك بقبة
10035,JOHRH,103,pc,#10035عباية شانتون بقبة دبل مميز وازرار
10041,JOHRH,103,pc,#10041عباية شانتون لف بتطريز وجيوب
10043,JOHRH,103,pc,#10043عباية بلاك بيري كلاسيك بتطريز بيج وخرز على الاكمام
10045,JOHRH,103,pc,#10045عباية ملكي بشك وكسرات
10046,JOHRH,103,pc,#10046عباية ملكي كلوش بشك طولي
10048,JOHRH,103,pc,#10048عباية ملكي كلاسيك بكم مربع وشك عالاكمام
10049,JOHRH,103,pc,#10049عباية كريب بتطريز وكم مقلوب ازرق
10051,JOHRH,103,pc,#10051عباية كريب بتطريز وكم مقلوب رمادي
10053,JOHRH,103,pc,#10053عباية كلاسيك شاكيرا بتطريزمميز
10055,JOHRH,103,pc,#10055عباية شانتون كلاسيك بقبة وخرز منثور
10056,JOHRH,103,pc,#10056عباية شانتون كلاسيك بتطريز هلالي مطعم بالخرز
10059,JOHRH,103,pc,#10059عباية كلاسيك ملكي بشك مميز
10061,JOHRH,103,pc,#10061عباية اماراتي لف بتطريز
10066,JOHRH,103,pc,#10066عباية كريب كلاسيك بخياطة طولية وتطريز مميز
10069,JOHRH,103,pc,#10069عباية ملكي كلاسيك بقيطان وشك
10071,JOHRH,103,pc,#10071عباية شموخ كلاسيك بشك وكسرات
10075,JOHRH,103,pc,#10075 عباية ملكي كلاسيك طقطق كم ضيق
10076,JOHRH,103,pc,#10076عباية ملكي وشاكيرا بلونين اسود وكحلي وشك عالاكمام والاسفل
10078,JOHRH,103,pc,#10078عباية ملكي وشاكيرا بلونين وشك على الاكمام والاسفل
10079,JOHRH,103,pc,#10079عباية ملكي وشاكيرا بلونين وشك على الاكمام والاسفل
10080,JOHRH,103,pc,#10080عباية بلاك بيري لف بتطريز
10081,JOHRH,103,pc,#10081عباية بلاك بيري أخضر لف بتطريز
10082,JOHRH,103,pc,#10082عباية بلاك بيري كحلي لف بتطريز
10083,JOHRH,103,pc,#10083 عباية بلاك بيري لف بلون زيتي وشك
10096,JOHRH,103,pc,#10096عباية شاكيرا ولينين لف بشك
10097,JOHRH,103,pc,#10097شموخ بكم زم وشك
10099,JOHRH,103,pc,#10099عبايةشاكيرا بشك
10104,JOHRH,103,pc,#10104عباية كويتي ملكي بتحيد قيطان وطبقة شيفون
10108,JOHRH,103,pc,#10108عباية شاكيرا بتحديد مميز
10110,JOHRH,103,pc,#10110عباية ملكي كويتي بتحديد قيطان باضافة رماديه مميزة
10111,JOHRH,103,pc,#10111عباية ملكي بأطراف ذهبية
10112,JOHRH,103,pc,#10112لينين بلونين وتطريز ذهبي
10117,JOHRH,103,pc,#10117عباية شامواه اسود وكحلي بتطريز
10121,JOHRH,103,pc,#10121عباية لينين مميزه بكم مقلوب
10122,JOHRH,103,pc,#10122عباية لينين كحلي كم مقلوب بخياطة هندسية
10127,JOHRH,103,pc,#10127 لينين بقماش مقلم
10134,JOHRH,103,pc,#10134 عباية كويتي بأطراف ذهبية واكمام زيتي
10135,JOHRH,103,pc,#10135 شامواه بتطريز وكم مربع
10141,JOHRH,103,pc,#10141عباية كلاسيك ملكي بكسرات مموجه بجانبي العبايه
10142,JOHRH,103,pc,#10142عباية ملكي كلاسيك بكم مربع
10143,JOHRH,103,pc,#10143عباية ملكي كلاسيك بكسرات مربعه
10146,JOHRH,103,pc,#10146عباية كلاسيك شاموا بتصميم خرز مميز ومطعم بالريش
10161,JOHRH,103,pc,#10161عباية ملكي بتدخيلات شامواه زيتي ممبزه
10167,JOHRH,103,pc,#10167عباية شانتون مميزة برسمة مميزة ومشكوكه يدويا
10168,JOHRH,103,pc,#10168عباية ملكي مميزة بتطريز هندسي بتحديد من الخرز
10169,JOHRH,103,pc,#10169عباية شامواه مميزة لف بتطريز هندسي بتحديد من الخرز
10172,JOHRH,103,pc,#10172 عباية شانتون مطرز لف بكم قابل للطي
10174,JOHRH,103,pc,#10174عباية مميزه بقصه قبه مربعه اسود
10176,JOHRH,103,pc,#10176عباية شانتون مميز لف بقبة ذهبية مميزة
10177,JOHRH,103,pc,#10177عباية ملكي لف بقبة وقيطان رصاصي
10203,JOHRH,103,pc,#10203عباية كريب كلاسيك بخرز متناثر على رسمة ناعمة
10214,JOHRH,103,pc,#10214عباية كريب كلاسيك كحلي بتطريز وشك مميز
10227,JOHRH,103,pc,#10227عباية كريب كلاسيك بطبقات مميزه عالاكتاف ابيض
10247,JOHRH,103,pc,#10247 عباية شانتون كم مقلوب قبة مميزه
10248,JOHRH,103,pc,#10248 عباية شموخ بكم ضيق وزم بشرايط مزينة بازارير
10251,JOHRH,103,pc,#10251عباية حرير مغسول كلاسيك بقصه طوليه باللون الأسود
10253,JOHRH,103,pc,#10253عباية ملكي كلاسيك بتطريز وشك مموج
10256,JOHRH,103,pc,#10256عباية مميزة من الشانتون و مطعمة بالجاكار الاسود و الذهبي
10257,JOHRH,103,pc,#10257عباية ملكي بقطع من الجينز واطراف بيضاء
10259,JOHRH,103,pc,#10259 عباية تفته قبه جاكيت على الرقبة مطعمه بالهدب
10264,JOHRH,103,pc,#10264عباية تفتة وتل بلاسية مع حلقات معدنية مميزة
10265,JOHRH,103,pc,#10265عباية تفته بكسرات
10276,JOHRH,103,pc,#10276 عباية بتصميم هندسي مميز مطعم بالخرز
10278,JOHRH,103,pc,#10278عباية مميزة بتطريز وكسرات مميزة من الخلف
10281,JOHRH,103,pc,#10281 عباءة مميزة بكسرات محددة بالبيج
10282,JOHRH,103,pc,#10282عباية كريب كلاسيك بقبة تحديد رمادي واكمام مميزة
10287,JOHRH,103,pc,#10287عباءه مميزة من الشامواه بلف مميز من الخيش
10288,JOHRH,103,pc,#10288عبايةمن الشامواه بلف مميز من الخيش
10291,JOHRH,103,pc,#10291عبايه شامواه كلاسيك طقطق مطرز
10292,JOHRH,103,pc,#10292عباية شامواه واورقانز قبة كبيرة مميزة
10294,JOHRH,103,pc,#10294 عباية تفته شك فاخر باللون الاسود
10302,JOHRH,103,pc,#10302عباية قطنية بتدخيلات من الحرير مغسول
10305,JOHRH,103,pc,#10305عباية كلاسيك بقصه جانبيه باللون الاخضر
10307,JOHRH,103,pc,#10307عباية حرير مغسول كلاسيك بقصة جانبية وكسرات مميزة بلونين
10310,JOHRH,103,pc,#10310عباية كتان لف بقبة وتطريز ناعم على الكتف
10313,JOHRH,103,pc,#10313عباية قطن بتدخيلات مميزه من الحرير المغسول كحلي مزين بالخرز
10318,JOHRH,103,pc,#10318عباية حرير مغسول بلونين زيتي واسود وقصة مميزة من الخلف
10322,JOHRH,103,pc,#10322 عباية حرير مغسول اخضر بتطريز ذهبي
10329,JOHRH,103,pc,#10329عباية لينن بتداخل مميز بلون الازرق وقيطان
10332,JOHRH,103,pc,#10332 عباية حريرمغسول بدمج لونين بفاصل من الكروشيه بحياكه يدوية
10333,JOHRH,103,pc,#10333 عباية شانتون تداخلات مميزه باللون الأسود والتطريز
10344,JOHRH,103,pc,#10344 عباية حرير مغسول بقيطان باللون الاصفر
10349,JOHRH,103,pc,#10349 عباية حرير مغسول محددة بخطوط بيضاء
10350,JOHRH,103,pc,#10350 عباءة من البلاسية بقصة قبة عريضة و أكمام ضيقة
10371,JOHRH,103,pc,#10371عبايةمن التفتة الفاخرة يمتزج بها اللونين الاسود و الكحلي
10372,JOHRH,103,pc,#10372عبايةمن التفتة الفاخرة و كسرتين أمامية
10373,JOHRH,103,pc,#10373عباية تفته جاكار مميز بكسرتين امامية
10394,JOHRH,103,pc,#10394 عباية شانتون كلاسيك كم ضيق و قبة
10398,JOHRH,103,pc,#10398عباية كريب كلاسيك بقماش شاكيرامحدد بخزر مميز
10404,JOHRH,103,pc,#10404عباية شموخ وصالونه بتحديد خرز لامع
10405,JOHRH,103,pc,#10405عباية ملكي باضافة شامواه كحلي
10418,JOHRH,103,pc,#10418 عباية شانتون كلاسيك طقطق كم ضيق و قبة
10420,JOHRH,103,pc,#10420عباية شانتون لف باضافة تفته مميزة
10422,JOHRH,103,pc,#10422 عباية لينين كلاسيك وتدخيلات كاروهات بيج
10423,JOHRH,103,pc,#10423 عباية لينين كلاسيك كحلي وتدخيلات كاروهات بيج
10430,JOHRH,103,pc,#10430عباية كريب كلاسيك ببطانة مميزة بالكم بيج
10431,JOHRH,103,pc,#10431 عباية كريب كلاسيك ببطانة مميزة بالكم احمر
10434,JOHRH,103,pc,#10434عباية كريب كلاسيك ببطانة مميزة بالكم كموني
10437,JOHRH,103,pc,#10437 عباية كريب كلاسيك كم مربع و تطريز
10447,JOHRH,103,pc,"#10447 عباية حرير مغسول مع كريب، أسود ونيلي، نقشة السدو"
10453,JOHRH,103,pc,#10453 عباية شانتون بنقش اخضرعلى الجنبين
10454,JOHRH,103,pc,#10454 عباية تفته بتداخل قماش بنقشة مميزة على الجانبين وعلى بطانة الكم
10455,JOHRH,103,pc,#10455 عباية كريب وجلد وشاكيرا بقبة جاكيت المميز
10462,JOHRH,103,pc,#10462عباية حرير مغسول بقبة كبيرة بنقش بني فاخر
10474,JOHRH,103,pc,#10474عباية جوبير مميز أسود برسم دانتيل مبطن
10481,JOHRH,103,pc,#10481 عباية لنن مكسرتطريز وشك بخرز مميز باللون الأسود
10485,JOHRH,103,pc,#10485 عباية دمج قماشين اسود وبني فاتح بفاصل من الكروشيه بحياكه يدويه
10487,JOHRH,103,pc,#10487 عباية دمج قماشين أسود وكحلي بفاصل من الكروشيه بحياكه يدويه
10489,JOHRH,103,pc,#10489 عباية كريب قبه بقيطان عنابي واكمام مميزه
10490,JOHRH,103,pc,#10490 عباية كريب قبة جاكيت مطعمه بالقيطات الاخضر
10493,JOHRH,103,pc,#10493 عباية ملكي كلاسيك لف اسود و رمادي
10494,JOHRH,103,pc,#10494 عباية ملكي تدخيلات شامواه بقطع من الخرز المنثور
10495,JOHRH,103,pc,#10495 عباية شموخ كم مربع شك مموج
10497,JOHRH,103,pc,#10497عباية ملكي كويتي بشك و قيطان
10498,JOHRH,103,pc,"10498 #عباية أورغنزا أسود مع تطريز، نقشة القط العسيري"
10507,JOHRH,103,pc,#10507 عباية بلاك بيري اسود و بيج
10509,JOHRH,103,pc,#10509 عباية كريب كلاسيك طقطق كم زم
10510,JOHRH,103,pc,#10510عباية شانتون كلاسيك اسود و كحلي كم ضيق
10568,JOHRH,103,pc,#10568 عباية شانتون كلوش بقطان وتطريز
10570,JOHRH,103,pc,#10570 عباية مخمل كلاسيك اسود و نحاسي لف
10571,JOHRH,103,pc,#10571 عباية مخمل و صوف كلاسيك اسود ورمادي
10573,JOHRH,103,pc,#10573 عباية شامواه كلاسيك اسود ورمادي كم ضيق
10574,JOHRH,103,pc,#10574 عباية مخمل كلاسيك كم قابل للطي
10576,JOHRH,103,pc,#10576 عباية شامواه اسود وأبيض كم قابل للطي
10579,JOHRH,103,pc,#10579 عباية شامواه مغربي كم ضيق
10580,JOHRH,103,pc,#10580 عباية كريب كلاسيك مقفل رمادي
10581,JOHRH,103,pc,#10581 عباية مخمل فراشة بكسرات وتطريز
10585,JOHRH,103,pc,#10585 عباية شامواه طقطق كم زم
10589,JOHRH,103,pc,#10589 عباية تفته كلاسيك طقطق كم مربع
10592,JOHRH,103,pc,#10592 عباية مخمل مع تدخيلة جاكار كحلي لف
10593,JOHRH,103,pc,#10593 عباية مخمل مع تدخيلة جاكار اسود لف
10596,JOHRH,103,pc,#10596 عباية شامواه اسود وتركواز وذهبي كسرات
10597,JOHRH,103,pc,#10597 عباية مخمل كلاسيك اسود و رمادي بأزرار
10598,JOHRH,103,pc,#10598 عباية كريب كلاسيك اسود/ازرق كم قابل للطي
10599,JOHRH,103,pc,#10599 عباية مخمل بتدخيلات قماش شتوي كلاسيك
10600,JOHRH,103,pc,#10600 عباية مخمل كلاسيك أسود/رمادي كم قابل للطي
10615,JOHRH,103,pc,#10615 عباية شامواه كلاسيك بريش وقبة
10617,JOHRH,103,pc,#10617عباية مخمل بقيطان وريش
10618,JOHRH,103,pc,#10618 عباية مخمل كلاسيك بشك
10619,JOHRH,103,pc,#10619 عباية كريب كلايسك زرار الابيض و الاسود كم ضيق
10620,JOHRH,103,pc,#10620 عباية مخمل كلاسيك سحاب كم زم شرايح
10621,JOHRH,103,pc,#10621 عباية مخمل اسود بني و بيج كم زم شرايح
10622,JOHRH,103,pc,#10622 عباية شامواه و شانتون كلاسيك بني
10628,JOHRH,103,pc,#10628 عباية شامواه بقبة وجلد وقيطان
10635,JOHRH,103,pc,#10635 عباية صوف مقلم وقبعة
10652,JOHRH,103,pc,#10652 عباية كريب كلاسيك زيتي و اسود طقطق كم ضيق
10656,JOHRH,103,pc,#10656 عباية كريب كلاسيك لف كم ضيق
10662,JOHRH,103,pc,#10662 عباية شامواه كلاسيك رمادي بتدخيلة قيطان
1056,JOHRH,104,pc,شاكيرا كحلي #1056
1057,JOHRH,104,pc,شاكيرا بيج #1057
1058,JOHRH,104,pc,شاكيرا رمادي #1058
1075,JOHRH,104,pc,عباية دبل فيس منتش بيج #1075
1175,JOHRH,104,pc,#1175 عباية لف مقلمة ومزينة بأزرار كبيرة بيج
1221,JOHRH,104,pc,#1221 عباية بقماش استرتش بتقليمه بلون زيتي
1222,JOHRH,104,pc,#1222 عباية بقصة إماراتية وقماش استرتش بلون كحلي
1224,JOHRH,104,pc,#1224 عباية بقصة إماراتية وتقليمه لامعة بلون كحلي
1226,JOHRH,104,pc,#1226 عباية بقصة إماراتية وقماش استرتش بلون رمادي غامق
1229,JOHRH,104,pc,#1229 عباية طبقتين شموخ بلون بيج غامق
1230,JOHRH,104,pc,#1230 عباية طبقتين شموخ بلون رمادي غامق
1232,JOHRH,104,pc,#1232 عباية بلون رمادي فاتح مع قماش الجاكر
1235,JOHRH,104,pc,#1235 عباية كحلي بخطوط سوداء متوازية ومتقاطعة
1237,JOHRH,104,pc,#1237 عباية رمادي غامق بخطوط سوداء متوازية ومتقاطعة
1238,JOHRH,104,pc,#1238 عباية مزينة بشرائط منتشة مع ترتر وخرز
1244,JOHRH,104,pc,#1244 عباية طبقتين شموخ بلون رمادي فاتح
1247,JOHRH,104,pc,#1247 عباية طبقتين شموخ بلون كحلي
1260,JOHRH,104,pc,#1260 عباية بلون كحلي مع قماش الجاكر
1261,JOHRH,104,pc,#1261 عباية لف بكم مربع ولون رمادي بلمعة
1263,JOHRH,104,pc,#1263 عباية رمادي فاتح بخطوط سوداء متوازية ومتقاطعة
1264,JOHRH,104,pc,#1264 عباية رمادي مكس بخطوط سوداء متوازية ومتقاطعة
1276,JOHRH,104,pc,#1276 عباية لف أوف وايت
1277,JOHRH,104,pc,#1277 عباءة من الكريب بلون بيج مزينة بقيطان أسود
1285,JOHRH,104,pc,#1285 عباية بقماش استرتش بتقليمه بلون رمادي
1289,JOHRH,104,pc,#1289 عباية بقصة إماراتية وقماش استرتش بلون بنفسجي غامق
1292,JOHRH,104,pc,#1292 عباية بقصة إماراتية وقماش استرتش بلون بني
1293,JOHRH,104,pc,#1293 عباية بقصة إماراتية وقماش استرتش بلون زهري
1297,JOHRH,104,pc,#1297 عباية بقماش استرتش بتقليمه بلون بيج
1299,JOHRH,104,pc,#1299 عباية بقصة إماراتية وقماش استرتش بلون رمادي فاتح
1306,JOHRH,104,pc,#1306 عباية طبقتين شموخ بلون بيج فاتح
1336,JOHRH,104,pc,#1336 حرير مغسول اخضر
1337,JOHRH,104,pc,#1337 حرير مغسول بني
1338,JOHRH,104,pc,#1338 حرير مغسول كحلي
1348,JOHRH,104,pc,#1348 عباية بني رياضية
1349,JOHRH,104,pc,#1349 عباية بلون بيج رياضية
1350,JOHRH,104,pc,#1350 عباية بلون بني رياضية
1361,JOHRH,104,pc,#1361 عباية رمادي بتطريز
1373,JOHRH,104,pc,#1373 حرير عودي كم مقلوب
1374,JOHRH,104,pc,#1374 حرير رمادي كم مقلوب
1403,JOHRH,104,pc,#1403 حرير كحلي كم مقلوب
1418,JOHRH,104,pc,#1418 عباية بشت بلون بيج وقيطان ذهبي
1439,JOHRH,104,pc,#1439 عباية لف بيج بحزام
1455,JOHRH,104,pc,#1455 عباية بقماش مجعد وقصة جاكية واكمام بلون اسود
1456,JOHRH,104,pc,#1456 عباية بقماش مجعد وقصة جاكية واكمام بلون أخضر
1478,JOHRH,104,pc,#1478 حرير مغسول فضي بشت
1479,JOHRH,104,pc,#1479 حرير مغسول بيج بشت
1480,JOHRH,104,pc,#1480 حرير مغسول اخضر غامق بشت
1482,JOHRH,104,pc,#1482 حرير مغسول كحلي بشت
1483,JOHRH,104,pc,#1483 حرير مغسول اخضر فيروزي بشت
1515,JOHRH,104,pc,#1515 عباية لينين كحلي و بكم مفتوح وتطريز يحدد أطراف العباية
1556,JOHRH,104,pc,#1556 عباية بقماش مشجر وكم مربع
1567,JOHRH,104,pc,#1567 عباية حرير مغسول كحلي بتطريز
1568,JOHRH,104,pc,#1568 عباية حرير مغسول بقطيان وجيوب
1571,JOHRH,104,pc,#1571 عباية حرير مغسول بلون زيتي
1572,JOHRH,104,pc,#1572 عباية حرير مغسول بلون كحلي
1574,JOHRH,104,pc,#1574عباية حرير بشت لف بشك
1575,JOHRH,104,pc,#1575 عباية بشت بلون زيتي
1576,JOHRH,104,pc,#1576 عباية كسرات من الحرير المغسول بلون كحلي
1591,JOHRH,104,pc,#1591 عباية من الحرير الياباني بلون فستقي
1624,JOHRH,104,pc,#1624عباية حرير مغسول كلاسيك بطرحة مثبته
1625,JOHRH,104,pc,#1625عباية حرير مغسول كلاسيك بطرحة مثبته
1626,JOHRH,104,pc,#1626عباية حرير مغسول كلاسيك بطرحه مثبته
1653,JOHRH,104,pc,#1653عباية حرير كلاسيك بكسرات
1658,JOHRH,104,pc,#1658عباية استرتش اماراتي لف
1671,JOHRH,104,pc,#1671عباية حرير مغسول لف بشال لينين
1701,JOHRH,104,pc,#1701عباية ملكي مقلم جالكسي بجيوب
1710,JOHRH,104,pc,#1710عباية بليسيه لف بلون سكري
1712,JOHRH,104,pc,#1712عباية بليسيه لف بلون زهري
1713,JOHRH,104,pc,#1713عباية بليسيه لف بلون لحمي
1715,JOHRH,104,pc,#1715عباية بليسيه لف بلون بني غامق
1739,JOHRH,104,pc,#1562عباية الاميرات كلاسيك بشك وحزام وتطريز
1757,JOHRH,104,pc,#1757عباية حرير مغسول بتطريز عالكم
1763,JOHRH,104,pc,#1763عباية شانتون كلاسيك لف بلون بكم أبيض قلاب
1808,JOHRH,104,pc,#1808عباية ملكي كلاسيك بتطريز بيج وأخضر
1810,JOHRH,104,pc,#1810عباية حرير مغسول زيتي بشك
1811,JOHRH,104,pc,#1811عباية حرير مغسول عنابي بشك
1818,JOHRH,104,pc,#1818عباية ملكي منقوش كلاسيك بيج بكم زم
1822,JOHRH,104,pc,#1822 عباية لف بلون بيج وكم عملي
1823,JOHRH,104,pc,#1823 عباية شتوي لف بلون رمادي وجيوب
1824,JOHRH,104,pc,#1824عباية شامواه كلاسيك كحلي بشك
1834,JOHRH,104,pc,#1834 عباية بقبعة بلون كحلي وكم عملي
1835,JOHRH,104,pc,#1835عباية بقبعة بلون رمادي وكم عملي
1837,JOHRH,104,pc,#1837 عباية بقبعة بلون رمادي وزهري غامق بكم عملي
1838,JOHRH,104,pc,#1838عباية حرير مغسول بلون اسود كحلي تطريز عالكم
1841,JOHRH,104,pc,#1841عباية قطن شتوي لف برسمة غامقة مميزة
1845,JOHRH,104,pc,#1845عباية لينين مبطن بلون رصاصي مقلم بأسود وقبعة
1846,JOHRH,104,pc,#1846عباية لينين مبطن أبيض مقلم رصاصي بقبعة
1849,JOHRH,104,pc,#1849عباية صوف سترتش لف أخضر
1851,JOHRH,104,pc,#1851 عباية لف من الشامواه والمخمل
1855,JOHRH,104,pc,#1855عباية صوف كلاسيك بجيوب
1856,JOHRH,104,pc,#1856عباية صوف كلاسيك رمادي غامق بجيوب
1857,JOHRH,104,pc,#1857عباية قطن شتوي بأطراف نمرية مميزة
1860,JOHRH,104,pc,#1860عباية سترتش كلاسيك زيتي بقيطان عالاكمام
1862,JOHRH,104,pc,#1862عباية سترتش كلاسيك كحلي بقيطان عالاكمام
1864,JOHRH,104,pc,#1864عباية صوف استرتش كحلي
1870,JOHRH,104,pc,#1870 عباية لف بلون كلحي ورمادي
1872,JOHRH,104,pc,#1872عباية شامواه كلاسيك رمادي لف بقبة مميزة
1873,JOHRH,104,pc,#1873عباية شامواه كلاسيك رمادي لف بقبة مميزة
1874,JOHRH,104,pc,#1874عباية شامواه كلاسيك عنابي لف بقبة مميزة
1875,JOHRH,104,pc,#1875عباية شامواه كلاسيك لف بقبة مميزة
1886,JOHRH,104,pc,#1886عباية شامواه كلاسيك بتطريز عالكم
1889,JOHRH,104,pc,#1889عباية شامواه كلاسيك بجيب امامي وتطريز يدوي
1891,JOHRH,104,pc,#1891عباية شامواه كلاسيك بيج ببقبة مميزة
1892,JOHRH,104,pc,#1892عباية شامواه كلاسيك أخضر بخياطة طولية
1893,JOHRH,104,pc,#1893عباية شامواه شتوي كلاسيك بيج بخياطة طولية
1894,JOHRH,104,pc,#1894عباية شامواه كلاسيك بنفسجي بخياطة طولية
1895,JOHRH,104,pc,#1895عباية شامواه كلاسيك بنفسجي بقبة مميزة
1896,JOHRH,104,pc,#1896عباية شامواه كلاسيك كحلي بخياطة طولية
1897,JOHRH,104,pc,#1897عباية شامواه كلاسيك أخضر بقبة مميزة
1908,JOHRH,104,pc,#1908عباية شامواه كلاسيك كحلي بقبة مميزة
1916,JOHRH,104,pc,#1916عباية شامواه كلاسيك كحلي بقبة بيضاء
1957,JOHRH,104,pc,#1957عباية كريب مميز كحلي بكسرات وشك
1974,JOHRH,104,pc,#1974عباية شامواه كلاسيك لف بني وكحلي بشك
1986,JOHRH,104,pc,#1986عباية كريب كلاسيك عنابي لف بكسرات طولية وخرز عالاكتاف
1988,JOHRH,104,pc,#1988عباية كريب كلاسيك زيتي بكسرات طولية وخرز عالاكتاف
1989,JOHRH,104,pc,#1989عباية كريب كلاسيك بيج بكسرات طولية وخرز عالاكتاف
1990,JOHRH,104,pc,#1990عباية كريب كلاسيك رمادي بكسرات طولية وخرز عالاكتاف
1991,JOHRH,104,pc,#1991عباية حرير مغسول بشت رصاصي لف بتطريز هندسي
1996,JOHRH,104,pc,#1996عباية كريب اماراتي رمادي بخياطة طوليه مقلوبة
1997,JOHRH,104,pc,#1997عباية كريب اماراتي كحلي بخياطة طوليه مقلوبة
10007,JOHRH,104,pc,#10007عباية سترتش كلاسيك بني بلياقة قماش بارد
10008,JOHRH,104,pc,#10008عباية كريب منقوش بشت رمادي
10009,JOHRH,104,pc,#10009عباية كريب منقوش بشت لف كحلي
10012,JOHRH,104,pc,#10012عباية كريب وحرير مغسول بشت زيتي بخرز وازرار
10014,JOHRH,104,pc,#10014عباية كريب وحرير مغسول بشت عنابي بخرز وازرار
10015,JOHRH,104,pc,#10015عباية كريب سراميك وحرير مغسول جاكيت كحلي بحزام عالجنب
10017,JOHRH,104,pc,#10017عباية كريب سراميك وحرير مغسول جاكيت زيتي بحزام عالجنب
10018,JOHRH,104,pc,#10018عباية كريب سراميك وحرير مغسول جاكيت عنابي بحزام على الجنب
10020,JOHRH,104,pc,#10020عباية كريب سراميك وحرير مغسول جاكيت أبيض بحزام على الجنب
10033,JOHRH,104,pc,#10033عباية شامواه كلاسيك بتطريز هندسي
10042,JOHRH,104,pc,#10042عباية شانتون لف بوردة مطرزة محدده بشك مميز
10054,JOHRH,104,pc,#10054عباية شانتون كلاسيك بقبة ولمسات من الخرز
10057,JOHRH,104,pc,#10057عباية شانتون بني غامق وقبة مزينة بازرار
10058,JOHRH,104,pc,#10058عباية كلاسيك لينن مقلم بني
10062,JOHRH,104,pc,#10062عباية شاموا لف بتطريز
10067,JOHRH,104,pc,#10067عباية مميزة من الكتان بشك ذهبي وتدخلات مقلمة
10084,JOHRH,104,pc,#10084عباية شاكيرا لف بقبعة ولون لحمي
10086,JOHRH,104,pc,#10086 لف بقبعة ولون زيتي
10087,JOHRH,104,pc,#10087 لف بقبعة ولون رمادي
10088,JOHRH,104,pc,#10088 لف بقبعة ولون كحلي
10090,JOHRH,104,pc,#10090شاكيرا بقيطان ولون موف
10091,JOHRH,104,pc,#10091عباية شاكيرا لف أخضر بقيطان
10092,JOHRH,104,pc,#10092 شاكيرا بقيطان ولون رصاصي
10093,JOHRH,104,pc,#10093 شاكيرا بقيطان ولون زيتي
10094,JOHRH,104,pc,#10094 شاكيرا بقيطان ولون بني
10095,JOHRH,104,pc,#10095عباية بقماش لينين خياطة طولية
10100,JOHRH,104,pc,#10100كلوش بقماش كريب ولون زيتي
10102,JOHRH,104,pc,#10102كلوش بقماش كريب ولون رمادي
10106,JOHRH,104,pc,#10106شامواه بتداخل شاكيرا بلون عنابي
10113,JOHRH,104,pc,#10113عباية لينن كلاسيك باللونين الكحلي والسماوي وتطريز ذهبي
10124,JOHRH,104,pc,#10124عباية لينين كلاسيك كحلي وابيض بتطريز وقبة
10126,JOHRH,104,pc,#10126 لينين مقلم لف بلون ابيض وكم ضيق
10128,JOHRH,104,pc,#10128لينين بلون كحلي وقماش مقلم
10138,JOHRH,104,pc,#10138 عباية شانتون لف كحلي بقبة
10139,JOHRH,104,pc,#10139عباية مميزه بقصه قبه مربعه نحاسي
10204,JOHRH,104,pc,#10204 عباية بلاك بيري كلاسيك طقطق كم مربع
10205,JOHRH,104,pc,#10205عباية شامواه مميز لف بترولي بقصة جاكيت بجيوب مميزة
10206,JOHRH,104,pc,#10206عباية شامواه كلاسيك بزم وجيب
10207,JOHRH,104,pc,#10207عباية شامواه مميز لف زهري بقصة جاكيت بجيوب مميزة
10208,JOHRH,104,pc,#10208عباية شامواه مميز لف زيتي بقصة جاكيت بجيوب مميزة
10212,JOHRH,104,pc,#10212عبايه كريب مقلم كلوش عنابي بسحاب
10216,JOHRH,104,pc,#10216عباية لينن لف اخضر بقبة وجيب محدد بالاسود وفتحة جانبية مميزة
10217,JOHRH,104,pc,#10217عباية لينن لف بيج غامق بقبة وجيب محدد بالاسود وفتحة جانبية مميزة
10218,JOHRH,104,pc,#10218عباية لينن لف لحمي بقبة وجيب محدد بالاسود وفتحة جانبية مميزة
10219,JOHRH,104,pc,#10219 عباية مميزة بقبة مربعة واطراف محددة بالاسود
10221,JOHRH,104,pc,#10221عباية لينن لف بني بقبة وجيب محدد بالاسود وفتحة جانبية مميزة
10222,JOHRH,104,pc,#10222عباية لينن لف بني غامق بقبة وجيب محدد بالاسود وفتحة جانبية مميزة
10223,JOHRH,104,pc,#10223عباية لينن لف موف بقبة وجيب محدد بالاسود وفتحة جانبية مميزة
10224,JOHRH,104,pc,#10224عباية لينن لف بيج بقبة وجيب محدد بالاسود وفتحة جانبية مميزة
10229,JOHRH,104,pc,#10229عباية حرير مغسول لف بلونين رمادي فاتح وبطانة بيضاء
10230,JOHRH,104,pc,#10230عباية حرير مغسول لف بلونين موف وبطانة بيضاء
10231,JOHRH,104,pc,#10231عباية حرير مغسول لف بلونين رمادي وبطانة بيضاء
10232,JOHRH,104,pc,#10232عباية حرير مغسول لف بلونين زيتي وبطانة بيضاء
10233,JOHRH,104,pc,#10233عباية حرير مغسول مميزه باللون الكحلي والبطانه البيضاء
10234,JOHRH,104,pc,#10234عباية حرير كلاسيك بقصه كلوش زيتي
10235,JOHRH,104,pc,#10235عباية حرير كلاسيك بقصه كلوش كحلي
10240,JOHRH,104,pc,#10240 عباية بلاك بيري سماوي لف واسع
10243,JOHRH,104,pc,#10243عباية بلاك بيري مكسر خربزي
10245,JOHRH,104,pc,#10245 عباية بلاك بيري مكسربيج بكم واسع
10246,JOHRH,104,pc,#10246عباية بلاك بيري مكسر رمادي بكم واسع
10258,JOHRH,104,pc,#10258عباية جينز صيفي بقصة وسمة مميزة
10286,JOHRH,104,pc,#10286 عباءة مميزة من الكتان وتدخيلات من اللينن الكحلي
10299,JOHRH,104,pc,#10299 عباية حرير مغسول زيتي تطريز مميز على الكم
10301,JOHRH,104,pc,#10301عباية قطن بتدخيلات حرير مغسول المحدد بقيطان
10303,JOHRH,104,pc,#10303 عباية حريرمغسول كلاسيك عنابي بتطريز عالكم
10304,JOHRH,104,pc,#10304 عباية حرير مغسول كلاسيك رمادي بتطريز عالكم
10316,JOHRH,104,pc,#10316عباية حرير مغسول زيتي لف بقصه مميزة بالخلف
10317,JOHRH,104,pc,#10317 عباية حرير مغسول بيج بقصة مميزه من الخلف مزينه بالخرز
10319,JOHRH,104,pc,#10319عباية حرير مغسول عنابي بتطريز ذهبي
10321,JOHRH,104,pc,#10321 عباية حرير مغسول كلاسيك رمادي كم ضيق بتطريز
10327,JOHRH,104,pc,#10327 عبايه حرير مغسول كلاسيك تطريز بالكم
10335,JOHRH,104,pc,#10335عبايةحريرمغسول كلاسيك عنابي بتطريز ذهبي
10336,JOHRH,104,pc,#10336 عباية حرير مغسول رمادي بتطريز ذهبي
10351,JOHRH,104,pc,#10351عباية مبتكرة بقصة عالية الخصر تمتاز بكسراتها من الأعلى و الاسفل
10355,JOHRH,104,pc,#10355عباية لينين مميز ليلكي فاتح بكسرات
10356,JOHRH,104,pc,#10356عباية لينين مميز رمادي بكسرات
10359,JOHRH,104,pc,#10359عباية لينين مميز رمادي غامق بكسرات
10386,JOHRH,104,pc,#10386 عباية كريب لحمي بقصات جانبية وفي الخلف مطرزة باللون اللحمي
10393,JOHRH,104,pc,#10393عباية كريب منقوش كحلي بقماش مميز ونقش
10406,JOHRH,104,pc,#10406 عبايةكريب كلوش عنابي بخياطةهندسية
10407,JOHRH,104,pc,#10407عبايةكريب كلوش رمادي بخياطة هندسية
10408,JOHRH,104,pc,#10408 عباية كريب كحلي خياطة هندسية محددة بخطوط الأزرق
10409,JOHRH,104,pc,#10409عباية كريب كلاسيك بلون جالكسي وخياطة مميزة
10410,JOHRH,104,pc,#10410عباية كريب منقوش رمادي بنقش ورسم ورد بالخلف
10412,JOHRH,104,pc,#10412عباية كريب منقوش بني بنقش ورسم ورد بالخلف
10624,JOHRH,104,pc,#10624 عباية شامواه كلاسيك لف رمادي و وردي
10633,JOHRH,104,pc,#10633 عباية بقماش مرن لاطلالة شتوية عملية
10640,JOHRH,104,pc,#10640 عباية مخمل بست الاخضر/ الرمادي طقطق كم مربع
10641,JOHRH,104,pc,#10641عباية مخمل باللون النيلي وتدخيلات شامواه
10642,JOHRH,104,pc,#10642 عباية مخمل بشت العنابي طقطق كم مربع
10645,JOHRH,104,pc,#10645 عباية كلاسيك بقماش شتوي مميز وعملي باللون البيج
10650,JOHRH,104,pc,#10650عباية شامواه بتدخيلات مخمل
10655,JOHRH,104,pc,#10655 عباية تويد كلاسيك لف اسود و رمادي
1414,JOHRH,105,pc,#1414عباية من الشانتون بتطريزات بلون كحلي
1435,JOHRH,105,pc,#1435 عباية لف بتقليمة ومطعمة بقماش جاكار
1460,JOHRH,105,pc,#1460 عباية شانتون بلون كحلي بقماش مجعد وتطريز
1503,JOHRH,105,pc,#1503 أكمام واسعه بدرجات الأبيض الرمادي
1569,JOHRH,105,pc,#1569عباية حرير مغسول كلاسيك كحلي
1582,JOHRH,105,pc,#1582 عباية حرير مغسول كحلي بتفته على الكم والظهر
1585,JOHRH,105,pc,#1585 عباية بشت بلون اخضر
1586,JOHRH,105,pc,#1586عباية بشت قطن كحلي
1587,JOHRH,105,pc,#1587عباية قطن لف زيتي
1599,JOHRH,105,pc,#1599 عباية كسرات بقماش كريب ولون كحلي
1600,JOHRH,105,pc,#1600 حرير مغسول كسرات زيتي
1606,JOHRH,105,pc,#1606 عباية حرير مغسول بكم ضيق ولون زيتي
1651,JOHRH,105,pc,#1651عباية حرير مغسول كلاسيك بتطريز مميز
1692,JOHRH,105,pc,#1692عباية حرير مغسول كحلي بتفتة بالظهر الاكمام
1693,JOHRH,105,pc,#1693عباية حرير مغسول رمادي غامق بتفتة فالظهر والاكمام.
1694,JOHRH,105,pc,#1694عباية حرير مغسول رمادي فاتح بتفتة بالظهر والاكمام.
1695,JOHRH,105,pc,#1695عباية حرير مغسول زيتي بتفتة بالظهر والاكمام
1696,JOHRH,105,pc,#1696عباية حرير مغسول عنابي بتفته فالظهر والاكمام
1698,JOHRH,105,pc,#1698عباية حرير مغسول كلاسيك بخياطة قضية لامعه
1699,JOHRH,105,pc,#1699عباية حرير مغسول كلاسيك بخياطة فضية لامعة
1724,JOHRH,105,pc,#1724عباية حرير مغسول كلاسيك زيتي بكم مقلوب وشك
1729,JOHRH,105,pc,#1729عباية حرير مغسول كويتي كحلي بتطريز مميز
1809,JOHRH,105,pc,#1809عباية شانتون جاكيت بلونين كحلي ورمادي
1826,JOHRH,105,pc,#1826عباية شامواه كلاسيك زيتي عنابي بخياطة خيش وخرز
1839,JOHRH,105,pc,#1839عباية قطن شتوي بأطراف مموجة برسمة زرقاء
1871,JOHRH,105,pc,#1871 عباية لف بكم مقلوب ولون رمادي
1942,JOHRH,105,pc,#1942عباية شامواه بقبة جاكيت زيتي
1943,JOHRH,105,pc,#1943عباية شامواه كلاسيك لف بتطريز
1955,JOHRH,105,pc,#1955عباية شامواه كلاسيك أخضر لف بتطريز
1956,JOHRH,105,pc,#1956عباية شامواه رمادي لف بتطريز
1993,JOHRH,105,pc,#1993عباية حرير مغسول بشت رمادي لف بتطريز هندسي
1994,JOHRH,105,pc,#1994عباية حرير مغسول بشت أَخضر لف بتطريز هندسي
10003,JOHRH,105,pc,#10003عباية سترتش كلاسيك كحلي بلياقة قماش بارد
10004,JOHRH,105,pc,#10004عباية سترتش كلاسيك عنابي لف بالياقة قماش بارد
10005,JOHRH,105,pc,#10005عباية سترتش كلاسيك رمادي بلياقة قماش بارد
10019,JOHRH,105,pc,#10019عباية كريب سراميك وحرير مغسول جاكيت رمادي بحزام على الجنب
10114,JOHRH,105,pc,#10114لينين بلونين وتطريز ذهبي
10115,JOHRH,105,pc,#10115ملكي بتطريز وكم قابل للطي
10116,JOHRH,105,pc,#10116عباية شامواه كلاسيك بلونين وتداخل اقمشة بكسره
10118,JOHRH,105,pc,#10118عباية شامواه اسود واخضر بتطريز
10119,JOHRH,105,pc,#10119عباية لينين اخضر مميزه بجيوب وحزام داخلي
10123,JOHRH,105,pc,#10123عباية لينن مميزه بلونين متناسقه الابيض والاخضر واكمام مطرزه
10125,JOHRH,105,pc,#10125عباية لينن مميزه بلونين متناسقه الابيض والأسود واكمام مطرزه وقبه باطراف ابيض
10162,JOHRH,105,pc,#10162عباية لينين زيتي كلاسيك بتطريز
10163,JOHRH,105,pc,#10163عباية لينين كلاسيك كحلي لف بتطريز
10166,JOHRH,105,pc,#10166عباية لينين بكم مقلوب
10238,JOHRH,105,pc,#10238 عباية بقصة فراشة وتدخيلات شك عند الصدر وكسرات بموديل لف
10295,JOHRH,105,pc,#10295عباية شانتون عنابي بشك وخرز فاخر ومميز
10308,JOHRH,105,pc,#10308عباية مميزه بتطريز وقصه قبه منسدلة
10309,JOHRH,105,pc,#10309عباية بتطريز منسدلة من قماش الشيفون
10311,JOHRH,105,pc,#10311عباية مميزه بتطريز وقصه قبه منسدلة
10312,JOHRH,105,pc,#10312عبايةبتطريز وقصه قبه منسدلة من قماش الشيفون
10315,JOHRH,105,pc,#10315عباية قطن وتدخيلات حرير مغسول عنابي مزين بالخرز
10331,JOHRH,105,pc,#10331 عباية لينن تداخل مميز باللون الأخضر الفاتح وقيطان
10352,JOHRH,105,pc,#10352عباية مبتكرة بقصة عالية الخصر تمتاز بكسراتها من الأعلى و الاسفل
10360,JOHRH,105,pc,#10360 عباية تفته بتداخل قماش كروهات باللون الابيض والرمادي
10364,JOHRH,105,pc,#10364 عبايه تفته كلاسيك زيتي زرار بقبه مميزه
10370,JOHRH,105,pc,#10370 عبايه تفته كحلي زرار بقبه مميزه
10375,JOHRH,105,pc,#10375 عباية كريب قيطان باللون الابيض مضاف لها حرير مغسول
10377,JOHRH,105,pc,#10377عباية كريب بأكمام كاروهات وقبة
10381,JOHRH,105,pc,#10381 عبايه شامواه حريري ناعم كلوش كحلي بشك وخياطة طوليه
10391,JOHRH,105,pc,#10391 عباية حريرمغسول بشت زيتي بقيطان كموني
10392,JOHRH,105,pc,#10392 عباية لينن أبيض بكم مميز و تدخيلات من الجنز
10413,JOHRH,105,pc,#10413 عباية كريب شك وتطريز باشكال هندسية مميز على الاكمام وتحت الخصر
10417,JOHRH,105,pc,#10417 عباية كريب بشك وتطريز بأشكال هندسية مميزة باللون الابيض
10419,JOHRH,105,pc,#10419 عباية تفته ازرق قبة جاكيت طبقتين مع جيوب مميزة
10424,JOHRH,105,pc,#10424 عباية حرير مغسول طبقات بنفسجي
10425,JOHRH,105,pc,#10425 عباية طبقات من الحرير المغسول بلون أخضر
10426,JOHRH,105,pc,#10426 عباية طبقات من الحرير المغسول بلون عنابي
10427,JOHRH,105,pc,#10427 عباية طبقات من الحرير المغسول بلون بيج
10428,JOHRH,105,pc,#10428 عباية تفتة بلاسيه كلاسيك كحلي بقبة عريضة
10429,JOHRH,105,pc,#10429 عباية تفتة بلاسيه كلاسيك زيتي بقبة عريضة
10438,JOHRH,105,pc,#10438عباية حرير مغسول بكسرات عنابية واسعة
10440,JOHRH,105,pc,"10440 #عباية كريب كلاسيك، نقشة القط العسيري"
10442,JOHRH,105,pc,"10442 #عباية حرير مغسول أسود، بشت ،نقشة السدو"
10443,JOHRH,105,pc,"10443 #عباية حرير مغسول أسود، نقشة السدو مع القط العسيري"
10444,JOHRH,105,pc,"10444 # عباية كتان أسود كلاسيك، نقشة القط العسيري"
10445,JOHRH,105,pc,"10445 #عباية كريب صالونا أسود كلاسيك، نقشة السدو"
10446,JOHRH,105,pc,"10446 # عباية حرير مغسول أسود،نقشة السدو"
10448,JOHRH,105,pc,#10448عباية حرير مغسول كلاسيك يتميز بأبرز أنماط السدو البدوي.
10449,JOHRH,105,pc,"10449 #عباية حرير مغسول أسود، بشت،نقشة السدو"
10450,JOHRH,105,pc,"10450 # عباية حرير مغسول أسود،نقشة القط العسيري"
10451,JOHRH,105,pc,#10451عباية لينين بيج بتدخيلات كاروهات بيج
10452,JOHRH,105,pc,#10452عباية حرير مغسول بشت كحلي بقيطان ابيض
10456,JOHRH,105,pc,"#10456عباية حرير مغسول ولينين أخضر،نقش ثمودي"
10457,JOHRH,105,pc,"#10457 عباية حرير مغسول عنابي،نقش ثمودي"
10458,JOHRH,105,pc,"#10458عباية لينين أسود،نقش ثمودي"
10459,JOHRH,105,pc,"#10459عباية لينين أسود،نقش ثمودي"
10460,JOHRH,105,pc,"#10460عباية كتان مقلم، أسود وبيج، سبورت،نقش ثمودي"
10461,JOHRH,105,pc,"#10461عباية شانتون مع تفتة وكريب، أسود ونيلي وتركواز، نقش ثمودي"
10463,JOHRH,105,pc,"#10463عباية حرير مغسول أسود، وتفتة مكسر خردلي، نقشة القط العسيري"
10464,JOHRH,105,pc,"#10464عباية شانتون أسود،نقشة السدو"
10465,JOHRH,105,pc,"#10465عباية تفتة أسود مع أورغنزا كحلي، نقشة القط العسيري"
10466,JOHRH,105,pc,"10466 #عباية شانتون مميز أسود،نقشة السدو"
10467,JOHRH,105,pc,"10467 # عباية كتان كلاسيك، أسود وأزرق،نقشة القط العسيري"
10468,JOHRH,105,pc,"10468 #عباية كتان أسود كلاسيك، نقشة القط العسيري"
10470,JOHRH,105,pc,#10470عباية جوبير مميز أبيض برسم دانتيل مبطن
10475,JOHRH,105,pc,#10475 عباية جوبير مميز عنابي برسم دانتيل
10476,JOHRH,105,pc,#10476 عباية جوبير مميز أزرق برسم دانتيل
10477,JOHRH,105,pc,"10477 #عباية حرير مغسول أسود، وكريب نيلي،نقشة القط العسيري"
10478,JOHRH,105,pc,"10478 # عباية حرير مغسول أسود بشت،نقشة القط العسيري"
10482,JOHRH,105,pc,#10482 عباية لينن رمادي كم ضيق تطريز ناعم
10483,JOHRH,105,pc,#10483 عباية لنن مكسر كحلي تطريز وشك بخرز مميز باللون الأسود
10484,JOHRH,105,pc,#10484 عباية لينن زيتي كم مقلوب شك وتطريز ناعم
10625,JOHRH,105,pc,#10625 عباية شامواه وتدخيلات شانتون كلوش
10634,JOHRH,105,pc,#10634 عباية مخمل بشت ومشلح مميز
10638,JOHRH,105,pc,#10638عباية مخمل كحلي وصوف
10639,JOHRH,105,pc,#10639عباية مخمل باللون الاحمر مزينة بشامواة
10646,JOHRH,105,pc,#10646عباية بمخمل باللون العنابي وقيطان
10647,JOHRH,105,pc,#10647عباية مخمل باللون الازرق وقيطان
10649,JOHRH,105,pc,#10649عباية مخمل باللون التركواز الغامق وقيطان
5070,JOHRH,204,pc,حامل بطاقات جلد ثعبان
5071,JOHRH,204,pc,حامل بطاقات جلد ثعبان
5072,JOHRH,204,pc,حامل بطاقات جلد ثعبان
5073,JOHRH,204,pc,حامل بطاقات جلد ثعبان
5074,JOHRH,204,pc,حامل بطاقات جلد ثعبان
5076,JOHRH,204,pc,حامل بطاقات جلد ثعبان
5077,JOHRH,204,pc,حامل بطاقات جلد تمساح
5078,JOHRH,204,pc,حامل بطاقات جلد تمساح
5079,JOHRH,204,pc,حامل بطاقات جلد تمساح
5080,JOHRH,204,pc,حامل بطاقات جلد تمساح
5081,JOHRH,204,pc,حامل بطاقات جلد تمساح
5082,JOHRH,204,pc,حامل بطاقات جلد تمساح
5083,JOHRH,204,pc,حامل بطاقات جلد بوتيقا
5084,JOHRH,204,pc,حامل بطاقات جلد بوتيقا
5086,JOHRH,204,pc,حامل بطاقات جلد بوتيقا
5087,JOHRH,204,pc,حامل بطاقات جلد بوتيقا
5088,JOHRH,204,pc,حامل بطاقات جلد بوتيقا
5089,JOHRH,203,pc,شنطة كروس بودي وسط ٢ في ١
5090,JOHRH,203,pc,شنطة كروس بودي وسط ٢ في ١
5091,JOHRH,203,pc,شنطة كروس بودي وسط ٢ في ١
5092,JOHRH,203,pc,شنطة كروس بودي وسط ٢ في ١
5093,JOHRH,203,pc,شنطة كروس بودي وسط ٢ في ١
5094,JOHRH,203,pc,شنطة كروس بودي وسط ٢ في ١
5099,JOHRH,203,pc,شنطة كزوس بودي صغيرة
5100,JOHRH,203,pc,شنطة كزوس بودي صغيرة
5101,JOHRH,203,pc,شنطة كزوس بودي صغيرة
5102,JOHRH,203,pc,شنطة كزوس بودي صغيرة
5103,JOHRH,203,pc,شنطة كزوس بودي صغيرة
5104,JOHRH,203,pc,شنطة كزوس بودي صغيرة
5105,JOHRH,203,pc,شنطة جوال بسحابين
5129,JOHRH,203,pc,شنطة كروس كبيرة جلد نعام
5130,JOHRH,203,pc,شنطة كروس كبيرة جلد نعام
5131,JOHRH,203,pc,شنطة كروس كبيرة جلد نعام
5132,JOHRH,203,pc,شنطة كروس كبيرة جلد نعام
5133,JOHRH,203,pc,شنطة كروس كبيرة جلد نعام
5134,JOHRH,203,pc,شنطة كروس كبيرة جلد نعام
5136,JOHRH,203,pc,شنطة كروس وسط جلد ناعم مموج
5137,JOHRH,203,pc,شنطة كروس وسط جلد ناعم مموج
5138,JOHRH,203,pc,شنطة كروس وسط جلد ناعم مموج
5139,JOHRH,203,pc,شنطة كروس وسط جلد ناعم مموج
5140,JOHRH,203,pc,شنطة كروس وسط جلد ناعم مموج
5141,JOHRH,203,pc,شنطة كروس جلد تمساح
5142,JOHRH,203,pc,شنطة كروس جلد تمساح
5144,JOHRH,203,pc,شنطة كروس جلد تمساح
5145,JOHRH,203,pc,شنطة كروس جلد تمساح
5146,JOHRH,203,pc,شنطة كروس صغيرة جلد ناعم
5147,JOHRH,203,pc,شنطة كروس صغيرة جلد ناعم
5148,JOHRH,203,pc,شنطة كروس صغيرة جلد ناعم
5149,JOHRH,203,pc,شنطة كروس صغيرة جلد ناعم
5150,JOHRH,203,pc,شنطة كروس صغيرة جلد ناعم
5151,JOHRH,203,pc,شنطة كروس جلد ناعم بسحاب
5152,JOHRH,203,pc,شنطة كروس جلد ناعم بسحاب
5153,JOHRH,203,pc,شنطة كروس جلد ناعم بسحاب
5154,JOHRH,203,pc,شنطة كروس جلد ناعم بسحاب
5155,JOHRH,203,pc,شنطة كروس جلد ناعم بسحاب
5170,JOHRH,203,pc,شنطة متوسطة عودي
5171,JOHRH,203,pc,شنطة متوسطة عودي
5172,JOHRH,203,pc,شنطة متوسطة عودي
5173,JOHRH,203,pc,شنطة متوسطة عودي
5174,JOHRH,203,pc,شنطة متوسطة عودي
5175,JOHRH,203,pc,شنطة متوسطة عودي
5176,JOHRH,203,pc,شنطة متوسطة عودي
5177,JOHRH,203,pc,شنطة جلد ناعم بتطريز أبيض
5178,JOHRH,203,pc,شنطة جلد ناعم بتطريز أبيض
5179,JOHRH,203,pc,شنطة جلد ناعم بتطريز أبيض
5180,JOHRH,203,pc,شنطة جلد ناعم بتطريز أبيض
5181,JOHRH,203,pc,شنطة جلد ناعم بتطريز أبيض
5182,JOHRH,203,pc,شنطة جلد ناعم بتطريز أبيض
5183,JOHRH,203,pc,شنطة جلد ناعم بتطريز أبيض
5184,JOHRH,203,pc,شنطة صغيرة جلد تمساح
5185,JOHRH,203,pc,شنطة صغيرة جلد تمساح
5186,JOHRH,203,pc,شنطة صغيرة جلد تمساح
5187,JOHRH,203,pc,شنطة صغيرة جلد تمساح
5188,JOHRH,203,pc,شنطة صغيرة جلد تمساح
5189,JOHRH,203,pc,شنطة متوسطة جلد تمساح
5190,JOHRH,203,pc,شنطة متوسطة جلد تمساح
5191,JOHRH,203,pc,شنطة متوسطة جلد تمساح
5192,JOHRH,203,pc,شنطة متوسطة جلد تمساح
5193,JOHRH,203,pc,شنطة متوسطة جلد تمساح
5194,JOHRH,203,pc,شنطة متوسطة جلد تمساح
5195,JOHRH,203,pc,شنطة متوسطة جلد تمساح
5196,JOHRH,203,pc,شنطة متوسطة جلد تمساح
5197,JOHRH,203,pc,شنطة متوسطة جلد تمساح
5198,JOHRH,203,pc,شنطة متوسطة جلد ناعم
5199,JOHRH,203,pc,شنطة متوسطة جلد ناعم
5200,JOHRH,203,pc,شنطة متوسطة جلد ناعم
5201,JOHRH,203,pc,شنطة متوسطة جلد ناعم
5202,JOHRH,203,pc,شنطة متوسطة جلد ناعم
5203,JOHRH,203,pc,شنطة متوسطة قفل مخفي
5204,JOHRH,203,pc,شنطة متوسطة قفل مخفي
5205,JOHRH,203,pc,شنطة متوسطة قفل مخفي
5206,JOHRH,203,pc,شنطة متوسطة قفل مخفي
5207,JOHRH,203,pc,شنطة متوسطة قفل مخفي
5242,JOHRH,203,pc,شنطة متوسطة بتطريز مربعات
5243,JOHRH,203,pc,شنطة متوسطة بتطريز مربعات
5244,JOHRH,203,pc,شنطة متوسطة بتطريز مربعات
5245,JOHRH,203,pc,شنطة متوسطة بتطريز مربعات
5246,JOHRH,203,pc,شنطة متوسطة بتطريز معينات
5247,JOHRH,203,pc,شنطة متوسطة بتطريز معينات
5248,JOHRH,203,pc,شنطة متوسطة بتطريز معينات
5249,JOHRH,203,pc,شنطة متوسطة بتطريز معينات
5254,JOHRH,203,pc,شنطة جنب مع مسكة
5255,JOHRH,203,pc,شنطة جنب مع مسكة
5256,JOHRH,203,pc,شنطة جنب مع مسكة
5257,JOHRH,203,pc,شنطة جنب مع مسكة
5258,JOHRH,203,pc,شنطة جنب مع مسكة
5259,JOHRH,203,pc,شنطة متوسطة بوتيقا بمعدن
5260,JOHRH,203,pc,شنطة متوسطة بوتيقا بمعدن
5261,JOHRH,203,pc,شنطة متوسطة بوتيقا بمعدن
5262,JOHRH,203,pc,شنطة متوسطة بوتيقا بمعدن
5263,JOHRH,203,pc,شنطة متوسطة بوتيقا بمعدن
5264,JOHRH,203,pc,شنطة يد متوسطة
5265,JOHRH,203,pc,شنطة يد متوسطة
5266,JOHRH,203,pc,شنطة يد متوسطة
5267,JOHRH,203,pc,شنطة يد متوسطة
5268,JOHRH,203,pc,شنطة يد متوسطة
5269,JOHRH,203,pc,شنطة متوسطة بوتيقا قفلة
5270,JOHRH,203,pc,شنطة متوسطة بوتيقا قفلة
5271,JOHRH,203,pc,شنطة متوسطة بوتيقا قفلة
5272,JOHRH,203,pc,شنطة متوسطة بوتيقا قفلة
5273,JOHRH,203,pc,شنطة متوسطة بوتيقا قفلة
5274,JOHRH,203,pc,محفظة يد كبيرة
5275,JOHRH,203,pc,محفظة يد كبيرة
5276,JOHRH,203,pc,محفظة يد كبيرة
5277,JOHRH,203,pc,محفظة يد كبيرة
5278,JOHRH,203,pc,محفظة يد كبيرة
7039,JOHRH,205,pc,كمامة قطنية إصدار خاص باليوم الوطني عدد (2) حبة
7040,JOHRH,205,pc,كمامة قطنية إصدار خاص باليوم الوطني عدد (2) حبة
7041,JOHRH,205,pc,كمامة قطنية إصدار خاص باليوم الوطني عدد (2) حبة
10314,JOHRH,102,pc,#10314 عباية قطن وتدخيلات حرير مغسول رمادي مزين بالخرز
10441,JOHRH,102,pc,"#10441 عباية شانتون كلاسيك أسود، نقشة السدو"
1037,JOHRH,102,pc,عباية الخيش والتفته #1037
1042,JOHRH,102,pc,عبائة سوادء بالتفته الفاخرة #1042
1053,JOHRH,102,pc,شنتون مطرز وكسرات #1053
1061,JOHRH,102,pc,عباية اماراتية بخيوط هدب #1061
1116,JOHRH,102,pc,#1116 عباية مطعمه بتل مزخرف ومخطط
1120,JOHRH,102,pc,#1120 عباية بقصة واسعة وهدب وطبقة كسرات بالاسفل
1137,JOHRH,102,pc,#1137 عباءة من الفرو الصناعي المقلم مطعمة بلون رمادي وقبعة الرأس
1146,JOHRH,102,pc,#1146 عباية بلون رمادي مطرز بالأسود
1147,JOHRH,102,pc,#1147 عباية بحرير مغسول
1165,JOHRH,102,pc,#1165 عباية سوداء بأقمشة متداخلة بخرز منثور
1217,JOHRH,102,pc,#1217عباية شموخ قطعتين تنورةه وجاكيت وزم فرنسي
1268,JOHRH,102,pc,#1268 عباية بكم مبطن وطرف بسحاب ذهبي
1305,JOHRH,102,pc,#1305 عباية بخامة قطنية بتداخلات خضراء
1379,JOHRH,102,pc,#1379 عباية من اللينين والشانتون
1401,JOHRH,102,pc,#1401 عباية بقماش مميز وزخرفة زرقاء
1451,JOHRH,102,pc,#1451 عباية بقماش لينين بخرز
1463,JOHRH,102,pc,#1463 عباية ملكي كلاسيك بكسره وتطريز ورد
1464,JOHRH,102,pc,#1464 عباية كريب مطعمه بشانتون فضي بترتر
1477,JOHRH,102,pc,#1477 عباية بتقليمة مطعمة بشانتون كحلي
1493,JOHRH,102,pc,#1493 اورغنزا مع كلوش مشكوك
1497,JOHRH,102,pc,#1497 اورغنزا وخيط زري فضي
1526,JOHRH,102,pc,#1526 عباية شاكيرا طقطق بشك وتدخيلات
1976,JOHRH,102,pc,#1976عباية ملكي وحرير مغسول بكسرة مخفية باسود وتدخيلات عنابي
3004,JOHRH,102,pc,#3004 عباية متميزة بلونيها الأسود والزيتي
3007,JOHRH,102,pc,عباية من الشيفون الفاخر #3007
10210,JOHRH,102,pc,#10210 عباية شاكيرا كلاسيك سحاب كحلي كم زم
10220,JOHRH,102,pc,#10220عباية لينن لف ليموني بقبة وجيب محدد بالاسود وفتحة جانبية مميزة
10284,JOHRH,102,pc,#10284 عباية شامواه قبة اكمام مطعمه بالهدب باللون الابيض
10345,JOHRH,102,pc,#10345 عباية شانتون كلاسيك اسود و رمادي
10441,JOHRH,102,pc,"10441 # عباية شانتون كلاسيك أسود، نقشة السدو"
10486,JOHRH,102,pc,#10486 عباية دمج قماشين اسود وزيتي بفاصل من الكروشيه بحياكه يدويه
10590,JOHRH,102,pc,#10590 عباية كريب كلاسيك اسود و ازرق كم مقلوب
10636,JOHRH,102,pc,#10636 عباية شتوية بهودي وفرو
6000,JOHRH,104,pc,#6000عباية قطن كحلي بكلفة مميزة
6001,JOHRH,104,pc,#6001عباية كتان أسود سحاب بجاكيت
6002,JOHRH,104,pc,#6002عباية شانتون أبيض سحاب بقطعة مميزة
6003,JOHRH,104,pc,#6003عباية كتان بيج بأضافة حزام من الخلف
6004,JOHRH,104,pc,#6004عباية تفته جزار بتدخيلات مميزة على الصدر
6005,JOHRH,104,pc,#6005عباية جينز أزرق بتطريز طولي على الصدر
6006,JOHRH,104,pc,#6006عباية كتان أسود بحزام وجيوب
6007,JOHRH,104,pc,#6007عباية قطن سماوي بكسرات مميزة
6008,JOHRH,104,pc,#6008عباية كتان أزرق بقبة مميزة
6009,JOHRH,104,pc,#6009عباية كتان بني بقبة مميزة
6010,JOHRH,104,pc,#6010عباية جينز رمادي بقيطان مميزة
6011,JOHRH,104,pc,#6011عباية قطن أبيض بطبقات ألوان زاهية
6012,JOHRH,104,pc,#6012عباية كتان أسود بقماش كروهات
6013,JOHRH,104,pc,#6013عباية كتان رمادي بنقشة مميزة
6014,JOHRH,104,pc,#6014عباية جينز بكم واسع بكلفة مميزة
6015,JOHRH,104,pc,#6015عباية كتان أسود بكروهات على القبة
6016,JOHRH,104,pc,#6016عباية تفتة رمادي بقماش مميز على الصدر
6017,JOHRH,104,pc,#6017عباية شامواه أزرق بلياقة مميزة
6018,JOHRH,104,pc,#6018عباية كتان بنقشة كروهات
6019,JOHRH,104,pc,#6019عباية كتان محددة بقيطان طولية
6020,JOHRH,104,pc,#6020عباية كتان أسود بشبك مميز على الاكتاف
6022,JOHRH,104,pc,#6022عباية قطن بلونين أزرق وأبيض وكلفة مميزة
6023,JOHRH,104,pc,#6023عباية كتان سحاب بشرائط هندسية
6024,JOHRH,104,pc,#6024عباية كتان كحلي بنقشة مربعات على الظهر
6025,JOHRH,104,pc,#6025عباية جينز كحلي بجيوب كبيرة
6026,JOHRH,104,pc,#6026عباية لينن أبيض بقطع جينز على الكتف
6027,JOHRH,104,pc,#6027عباية تفتة بنفسجي بقصة مميزة
6028,JOHRH,104,pc,#6028عباية جينز أزرق بكلفة طولية
6029,JOHRH,104,pc,#6029عباية كتان بكسرات مميزة على الخصر
6030,JOHRH,104,pc,#6030عباية لينن عودي بقماش مميز على الاكتاف
6031,JOHRH,104,pc,#6031عباية صالونة بنقشة مميزة على الجاكيت
6032,JOHRH,104,pc,#6032عباية كتان كحلي بكسر مميزة
6033,JOHRH,104,pc,#6033عباية خيش تايواني بكسر طولية
6034,JOHRH,104,pc,#6034عباية صالونة بجيب ولياقة صغيرة
6035,JOHRH,104,pc,#6035عباية كتان بكسر مميزة على الصدر
6036,JOHRH,104,pc,#6036عباية كتان بتطريز عرضي على الظهر
6037,JOHRH,104,pc,#6037عباية صالونة أسود بكم ضيق
6038,JOHRH,104,pc,#6038عباية جينز رمادي بنقشة مميزة
6039,JOHRH,104,pc,#6039عباية كريب بنقش كروهات
6040,JOHRH,104,pc,#6040عباية كريب بكروهات من الاسفل والخلف
6041,JOHRH,104,pc,#6041عباية كريب أزرق بقيطان مميزة
6042,JOHRH,104,pc,#6042عباية قطن أبيض وسماوي بخطوط طولية
6043,JOHRH,104,pc,#6043عباية قطن أبيض ورمادي بخطوط طولية
6044,JOHRH,104,pc,#6044عباية قطن أسود ورمادي بخطوط طولية
6045,JOHRH,104,pc,#6045عباية صالونة كحلي بكسر وتطريز مميز
6046,JOHRH,104,pc,#6046عباية كتان أسود بكسر وتطريز مميز
6047,JOHRH,104,pc,#6047عباية قطن زيتي بكسر طولية مميزة
6048,JOHRH,104,pc,#6048عباية قطن زهري بكسر طولية مميزة
6049,JOHRH,104,pc,#6049عباية تفته بقبعة وزم على الخصر